2026-02-08 17:15:13,985 - pipeline - INFO - ================================================================================
2026-02-08 17:15:13,986 - pipeline - INFO - PHISHING DETECTION ML PIPELINE - START
2026-02-08 17:15:13,986 - pipeline - INFO - ================================================================================
2026-02-08 17:15:13,986 - pipeline - INFO - 
================================================================================
2026-02-08 17:15:13,986 - pipeline - INFO - STEP 1: LOADING DATA
2026-02-08 17:15:13,986 - pipeline - INFO - ================================================================================
2026-02-08 17:15:13,986 - data_loader - INFO - Loading data from /Users/geraldchan/Downloads/aiip8-GERALD_CHAN_WEIHENG_695B/src/data/phishing.db
2026-02-08 17:15:14,029 - data_loader - INFO - Loaded 10500 records from database
2026-02-08 17:15:14,029 - data_loader - INFO - Features: 16 columns
2026-02-08 17:15:14,031 - data_loader - INFO - Target distribution:
label
1    5779
0    4721
Name: count, dtype: int64
2026-02-08 17:15:14,036 - pipeline - INFO - Dataset summary: {'total_samples': 10500, 'n_features': 15, 'n_phishing': 4721, 'n_legitimate': 5779, 'phishing_percentage': 44.96190476190476, 'legitimate_percentage': 55.03809523809524, 'missing_values': 2355, 'duplicate_rows': 0}
2026-02-08 17:15:14,036 - pipeline - INFO - 
================================================================================
2026-02-08 17:15:14,036 - pipeline - INFO - STEP 2: SPLITTING DATA
2026-02-08 17:15:14,036 - pipeline - INFO - ================================================================================
2026-02-08 17:15:14,036 - data_loader - INFO - Splitting data into train/val/test sets
2026-02-08 17:15:14,042 - data_loader - INFO - Training set: 6300 samples (60.0%)
2026-02-08 17:15:14,042 - data_loader - INFO -   Class distribution: {1: 3467, 0: 2833}
2026-02-08 17:15:14,043 - data_loader - INFO - Validation set: 2100 samples (20.0%)
2026-02-08 17:15:14,043 - data_loader - INFO -   Class distribution: {1: 1156, 0: 944}
2026-02-08 17:15:14,043 - data_loader - INFO - Test set: 2100 samples (20.0%)
2026-02-08 17:15:14,043 - data_loader - INFO -   Class distribution: {1: 1156, 0: 944}
2026-02-08 17:15:14,043 - pipeline - INFO - 
================================================================================
2026-02-08 17:15:14,043 - pipeline - INFO - STEP 3: PREPROCESSING DATA
2026-02-08 17:15:14,043 - pipeline - INFO - ================================================================================
2026-02-08 17:15:14,043 - pipeline - INFO - Processing training data (fit + transform)...
2026-02-08 17:15:14,043 - preprocessor - INFO - === Fitting and transforming training data ===
2026-02-08 17:15:14,043 - preprocessor - INFO - Cleaning data
2026-02-08 17:15:14,044 - preprocessor - INFO - Dropped 1 unnamed column(s): ['Unnamed: 0']
2026-02-08 17:15:14,045 - preprocessor - INFO - Fixed duplicate 'eCommerce' categories in Industry
2026-02-08 17:15:14,048 - preprocessor - WARNING - Removed 48 duplicate rows
2026-02-08 17:15:14,048 - preprocessor - INFO - Handling missing values
2026-02-08 17:15:14,049 - preprocessor - INFO - Created LineOfCode_IsMissing indicator: 1408 missing values
2026-02-08 17:15:14,049 - preprocessor - INFO - Fitted LineOfCode median: 629.0
2026-02-08 17:15:14,050 - preprocessor - INFO - Imputed LineOfCode missing values with median: 629.0
2026-02-08 17:15:14,050 - preprocessor - INFO - Handling outliers with feature-specific strategies
2026-02-08 17:15:14,053 - preprocessor - INFO - Conservative clip LargestLineLength: [-23438.00, 31660.75] (3×IQR)
2026-02-08 17:15:14,054 - preprocessor - INFO - Protecting NoOfURLRedirect - no outlier treatment (phishing indicator)
2026-02-08 17:15:14,054 - preprocessor - INFO - Protecting NoOfSelfRedirect - no outlier treatment (phishing indicator)
2026-02-08 17:15:14,054 - preprocessor - INFO - Protecting NoOfPopup - no outlier treatment (phishing indicator)
2026-02-08 17:15:14,054 - preprocessor - INFO - Protecting NoOfiFrame - no outlier treatment (phishing indicator)
2026-02-08 17:15:14,054 - preprocessor - INFO - Extreme clip NoOfImage: upper bound = 292.98 (99th percentile)
2026-02-08 17:15:14,055 - preprocessor - INFO - Conservative clip NoOfSelfRef: [-261.00, 348.00] (3×IQR)
2026-02-08 17:15:14,057 - preprocessor - INFO - Conservative clip NoOfExternalRef: [-167.00, 225.00] (3×IQR)
2026-02-08 17:15:14,060 - preprocessor - INFO - Engineering features
2026-02-08 17:15:14,062 - preprocessor - INFO - Created 4 binary flag features
2026-02-08 17:15:14,062 - preprocessor - INFO - Created 2 ratio features
2026-02-08 17:15:14,062 - preprocessor - INFO - Created 2 aggregation features
2026-02-08 17:15:14,063 - preprocessor - INFO - Created 2 log-transformed features
2026-02-08 17:15:14,064 - preprocessor - INFO - Created DomainAge_Squared (will be excluded for linear models)
2026-02-08 17:15:14,068 - preprocessor - WARNING - Replaced inf/NaN values with 0 in engineered features
2026-02-08 17:15:14,068 - preprocessor - INFO - Encoding categorical features
2026-02-08 17:15:14,071 - preprocessor - INFO - One-hot encoded Industry: 10 features
2026-02-08 17:15:14,075 - preprocessor - INFO - Target encoded HostingProvider: 13 categories
2026-02-08 17:15:14,075 - preprocessor - INFO - Scaling features using robust
2026-02-08 17:15:14,085 - preprocessor - INFO - Fitted and transformed 25 numerical features
2026-02-08 17:15:14,085 - preprocessor - INFO - Preprocessing complete. Final shape: (6252, 36)
2026-02-08 17:15:14,086 - preprocessor - INFO - Split features and target: X shape = (6252, 35), y shape = (6252,)
2026-02-08 17:15:14,086 - pipeline - INFO - Processing validation data (transform only)...
2026-02-08 17:15:14,086 - preprocessor - INFO - === Transforming test/validation data ===
2026-02-08 17:15:14,086 - preprocessor - INFO - Cleaning data
2026-02-08 17:15:14,086 - preprocessor - INFO - Dropped 1 unnamed column(s): ['Unnamed: 0']
2026-02-08 17:15:14,087 - preprocessor - INFO - Fixed duplicate 'eCommerce' categories in Industry
2026-02-08 17:15:14,088 - preprocessor - WARNING - Removed 4 duplicate rows
2026-02-08 17:15:14,088 - preprocessor - INFO - Handling missing values
2026-02-08 17:15:14,089 - preprocessor - INFO - Created LineOfCode_IsMissing indicator: 472 missing values
2026-02-08 17:15:14,089 - preprocessor - INFO - Imputed LineOfCode missing values with median: 629.0
2026-02-08 17:15:14,089 - preprocessor - INFO - Handling outliers with feature-specific strategies
2026-02-08 17:15:14,091 - preprocessor - INFO - Protecting NoOfURLRedirect - no outlier treatment (phishing indicator)
2026-02-08 17:15:14,091 - preprocessor - INFO - Protecting NoOfSelfRedirect - no outlier treatment (phishing indicator)
2026-02-08 17:15:14,091 - preprocessor - INFO - Protecting NoOfPopup - no outlier treatment (phishing indicator)
2026-02-08 17:15:14,091 - preprocessor - INFO - Protecting NoOfiFrame - no outlier treatment (phishing indicator)
2026-02-08 17:15:14,093 - preprocessor - INFO - Engineering features
2026-02-08 17:15:14,094 - preprocessor - INFO - Created 4 binary flag features
2026-02-08 17:15:14,095 - preprocessor - INFO - Created 2 ratio features
2026-02-08 17:15:14,095 - preprocessor - INFO - Created 2 aggregation features
2026-02-08 17:15:14,096 - preprocessor - INFO - Created 2 log-transformed features
2026-02-08 17:15:14,096 - preprocessor - INFO - Created DomainAge_Squared (will be excluded for linear models)
2026-02-08 17:15:14,098 - preprocessor - WARNING - Replaced inf/NaN values with 0 in engineered features
2026-02-08 17:15:14,098 - preprocessor - INFO - Encoding categorical features
2026-02-08 17:15:14,100 - preprocessor - INFO - Scaling features using robust
2026-02-08 17:15:14,102 - preprocessor - INFO - Transformed 25 numerical features
2026-02-08 17:15:14,102 - preprocessor - INFO - Preprocessing complete. Final shape: (2096, 36)
2026-02-08 17:15:14,103 - preprocessor - INFO - Split features and target: X shape = (2096, 35), y shape = (2096,)
2026-02-08 17:15:14,103 - pipeline - INFO - Processing test data (transform only)...
2026-02-08 17:15:14,103 - preprocessor - INFO - === Transforming test/validation data ===
2026-02-08 17:15:14,103 - preprocessor - INFO - Cleaning data
2026-02-08 17:15:14,103 - preprocessor - INFO - Dropped 1 unnamed column(s): ['Unnamed: 0']
2026-02-08 17:15:14,104 - preprocessor - INFO - Fixed duplicate 'eCommerce' categories in Industry
2026-02-08 17:15:14,105 - preprocessor - WARNING - Removed 3 duplicate rows
2026-02-08 17:15:14,105 - preprocessor - INFO - Handling missing values
2026-02-08 17:15:14,106 - preprocessor - INFO - Created LineOfCode_IsMissing indicator: 452 missing values
2026-02-08 17:15:14,106 - preprocessor - INFO - Imputed LineOfCode missing values with median: 629.0
2026-02-08 17:15:14,106 - preprocessor - INFO - Handling outliers with feature-specific strategies
2026-02-08 17:15:14,107 - preprocessor - INFO - Protecting NoOfURLRedirect - no outlier treatment (phishing indicator)
2026-02-08 17:15:14,107 - preprocessor - INFO - Protecting NoOfSelfRedirect - no outlier treatment (phishing indicator)
2026-02-08 17:15:14,107 - preprocessor - INFO - Protecting NoOfPopup - no outlier treatment (phishing indicator)
2026-02-08 17:15:14,107 - preprocessor - INFO - Protecting NoOfiFrame - no outlier treatment (phishing indicator)
2026-02-08 17:15:14,110 - preprocessor - INFO - Engineering features
2026-02-08 17:15:14,110 - preprocessor - INFO - Created 4 binary flag features
2026-02-08 17:15:14,111 - preprocessor - INFO - Created 2 ratio features
2026-02-08 17:15:14,111 - preprocessor - INFO - Created 2 aggregation features
2026-02-08 17:15:14,111 - preprocessor - INFO - Created 2 log-transformed features
2026-02-08 17:15:14,111 - preprocessor - INFO - Created DomainAge_Squared (will be excluded for linear models)
2026-02-08 17:15:14,113 - preprocessor - WARNING - Replaced inf/NaN values with 0 in engineered features
2026-02-08 17:15:14,113 - preprocessor - INFO - Encoding categorical features
2026-02-08 17:15:14,115 - preprocessor - INFO - Scaling features using robust
2026-02-08 17:15:14,117 - preprocessor - INFO - Transformed 25 numerical features
2026-02-08 17:15:14,117 - preprocessor - INFO - Preprocessing complete. Final shape: (2097, 36)
2026-02-08 17:15:14,117 - preprocessor - INFO - Split features and target: X shape = (2097, 35), y shape = (2097,)
2026-02-08 17:15:14,117 - pipeline - INFO - Processed shapes - Train: (6252, 35), Val: (2096, 35), Test: (2097, 35)
2026-02-08 17:15:14,117 - pipeline - INFO - 
================================================================================
2026-02-08 17:15:14,117 - pipeline - INFO - STEP 4: TRAINING MODELS
2026-02-08 17:15:14,117 - pipeline - INFO - ================================================================================
2026-02-08 17:15:14,117 - pipeline - INFO - NOTE: Each model will use only its TOP 10 features
2026-02-08 17:15:14,118 - pipeline - INFO -   - Tree models: Include DomainAge_Squared
2026-02-08 17:15:14,118 - pipeline - INFO -   - Linear models: Exclude DomainAge_Squared
2026-02-08 17:15:14,118 - pipeline - INFO - ================================================================================
2026-02-08 17:15:14,118 - trainer - INFO - ================================================================================
2026-02-08 17:15:14,118 - trainer - INFO - TRAINING ALL ENABLED MODELS
2026-02-08 17:15:14,118 - trainer - INFO - ================================================================================
2026-02-08 17:15:14,118 - trainer - INFO - Enabled models: ['random_forest', 'gradient_boosting', 'logistic_regression', 'xgboost']
2026-02-08 17:15:14,118 - trainer - INFO - ================================================================================
2026-02-08 17:15:14,118 - trainer - INFO - Training random_forest
2026-02-08 17:15:14,118 - trainer - INFO - ================================================================================
2026-02-08 17:15:14,118 - preprocessor - INFO - random_forest (tree-based): Using top 10 features (includes DomainAge_Squared)
2026-02-08 17:15:14,118 - preprocessor - INFO -   Features selected: 10 (from 35 total)
2026-02-08 17:15:14,118 - preprocessor - INFO -   Selected features: ['HostingProvider_Encoded', 'HasExternalRefs', 'IsResponsive', 'DomainAgeMonths', 'DomainAge_Squared', 'Robots', 'TotalReferences', 'NoOfiFrame', 'NoOfExternalRef', 'NoOfSelfRef']
2026-02-08 17:15:14,118 - trainer - INFO - Feature set shape: (6252, 10)
2026-02-08 17:15:14,118 - trainer - INFO - Performing hyperparameter tuning (grid search)
2026-02-08 17:21:43,421 - trainer - INFO - Best parameters: {'max_depth': 20, 'max_features': 'sqrt', 'min_samples_leaf': 2, 'min_samples_split': 20, 'n_estimators': 300}
2026-02-08 17:21:43,422 - trainer - INFO - Best CV f1: 0.8218
2026-02-08 17:21:43,422 - trainer - INFO - Training completed in 389.30 seconds
2026-02-08 17:21:43,422 - trainer - INFO - ================================================================================

2026-02-08 17:21:43,422 - trainer - INFO - ================================================================================
2026-02-08 17:21:43,422 - trainer - INFO - Training gradient_boosting
2026-02-08 17:21:43,422 - trainer - INFO - ================================================================================
2026-02-08 17:21:43,422 - preprocessor - INFO - gradient_boosting (tree-based): Using top 10 features (includes DomainAge_Squared)
2026-02-08 17:21:43,424 - preprocessor - INFO -   Features selected: 10 (from 35 total)
2026-02-08 17:21:43,424 - preprocessor - INFO -   Selected features: ['HostingProvider_Encoded', 'HasExternalRefs', 'IsResponsive', 'DomainAgeMonths', 'DomainAge_Squared', 'Robots', 'TotalReferences', 'NoOfiFrame', 'NoOfExternalRef', 'NoOfSelfRef']
2026-02-08 17:21:43,424 - trainer - INFO - Feature set shape: (6252, 10)
2026-02-08 17:21:43,424 - trainer - INFO - Performing hyperparameter tuning (grid search)
2026-02-08 17:25:41,619 - trainer - INFO - Best parameters: {'learning_rate': 0.01, 'max_depth': 4, 'n_estimators': 500, 'subsample': 0.7}
2026-02-08 17:25:41,620 - trainer - INFO - Best CV f1: 0.8229
2026-02-08 17:25:41,620 - trainer - INFO - Training completed in 238.20 seconds
2026-02-08 17:25:41,620 - trainer - INFO - ================================================================================

2026-02-08 17:25:41,620 - trainer - INFO - ================================================================================
2026-02-08 17:25:41,620 - trainer - INFO - Training logistic_regression
2026-02-08 17:25:41,620 - trainer - INFO - ================================================================================
2026-02-08 17:25:41,620 - preprocessor - INFO - logistic_regression (linear): Using top 10 features (excludes DomainAge_Squared)
2026-02-08 17:25:41,621 - preprocessor - INFO -   Features selected: 10 (from 35 total)
2026-02-08 17:25:41,621 - preprocessor - INFO -   Selected features: ['HostingProvider_Encoded', 'HasExternalRefs', 'IsResponsive', 'DomainAgeMonths', 'Robots', 'TotalReferences', 'NoOfiFrame', 'NoOfExternalRef', 'NoOfSelfRef', 'HasPopups']
2026-02-08 17:25:41,621 - trainer - INFO - Feature set shape: (6252, 10)
2026-02-08 17:25:41,621 - trainer - INFO - Performing hyperparameter tuning (grid search)
2026-02-08 17:25:43,524 - trainer - INFO - Best parameters: {'C': 1.0, 'penalty': 'l1', 'solver': 'liblinear'}
2026-02-08 17:25:43,524 - trainer - INFO - Best CV f1: 0.8163
2026-02-08 17:25:43,524 - trainer - INFO - Training completed in 1.90 seconds
2026-02-08 17:25:43,524 - trainer - INFO - ================================================================================

2026-02-08 17:25:43,524 - trainer - INFO - ================================================================================
2026-02-08 17:25:43,524 - trainer - INFO - Training xgboost
2026-02-08 17:25:43,524 - trainer - INFO - ================================================================================
2026-02-08 17:25:43,525 - preprocessor - INFO - xgboost (tree-based): Using top 10 features (includes DomainAge_Squared)
2026-02-08 17:25:43,525 - preprocessor - INFO -   Features selected: 10 (from 35 total)
2026-02-08 17:25:43,525 - preprocessor - INFO -   Selected features: ['HostingProvider_Encoded', 'HasExternalRefs', 'IsResponsive', 'DomainAgeMonths', 'DomainAge_Squared', 'Robots', 'TotalReferences', 'NoOfiFrame', 'NoOfExternalRef', 'NoOfSelfRef']
2026-02-08 17:25:43,525 - trainer - INFO - Feature set shape: (6252, 10)
2026-02-08 17:25:43,525 - trainer - INFO - Performing hyperparameter tuning (grid search)
2026-02-08 17:26:52,405 - trainer - INFO - Best parameters: {'colsample_bytree': 0.9, 'learning_rate': 0.01, 'max_depth': 4, 'n_estimators': 700, 'subsample': 0.8}
2026-02-08 17:26:52,406 - trainer - INFO - Best CV f1: 0.8231
2026-02-08 17:26:52,406 - trainer - INFO - Training completed in 68.88 seconds
2026-02-08 17:26:52,406 - trainer - INFO - ================================================================================

2026-02-08 17:26:52,406 - trainer - INFO - ================================================================================
2026-02-08 17:26:52,406 - trainer - INFO - ALL MODELS TRAINED
2026-02-08 17:26:52,406 - trainer - INFO - ================================================================================
2026-02-08 17:26:52,407 - pipeline - INFO - 
Training Summary:
2026-02-08 17:26:52,410 - pipeline - INFO - 
                              model_name training_time cv_score_mean cv_score_std                                                                                                     best_params feature_count
xgboost                          xgboost      68.88028       0.82311       0.0139         {'colsample_bytree': 0.9, 'learning_rate': 0.01, 'max_depth': 4, 'n_estimators': 700, 'subsample': 0.8}            10
gradient_boosting      gradient_boosting    238.195921      0.822919     0.012495                                  {'learning_rate': 0.01, 'max_depth': 4, 'n_estimators': 500, 'subsample': 0.7}            10
random_forest              random_forest     389.30363      0.821828     0.013939  {'max_depth': 20, 'max_features': 'sqrt', 'min_samples_leaf': 2, 'min_samples_split': 20, 'n_estimators': 300}            10
logistic_regression  logistic_regression      1.903446      0.816342     0.011264                                                              {'C': 1.0, 'penalty': 'l1', 'solver': 'liblinear'}            10
2026-02-08 17:26:52,411 - pipeline - INFO - 
================================================================================
2026-02-08 17:26:52,411 - pipeline - INFO - STEP 5: EVALUATING MODELS
2026-02-08 17:26:52,411 - pipeline - INFO - ================================================================================
2026-02-08 17:26:52,411 - evaluator - INFO - ================================================================================
2026-02-08 17:26:52,411 - evaluator - INFO - EVALUATING ALL MODELS
2026-02-08 17:26:52,411 - evaluator - INFO - ================================================================================
2026-02-08 17:26:52,411 - preprocessor - INFO - random_forest (tree-based): Using top 10 features (includes DomainAge_Squared)
2026-02-08 17:26:52,411 - preprocessor - INFO -   Features selected: 10 (from 35 total)
2026-02-08 17:26:52,411 - preprocessor - INFO -   Selected features: ['HostingProvider_Encoded', 'HasExternalRefs', 'IsResponsive', 'DomainAgeMonths', 'DomainAge_Squared', 'Robots', 'TotalReferences', 'NoOfiFrame', 'NoOfExternalRef', 'NoOfSelfRef']
2026-02-08 17:26:52,452 - preprocessor - INFO - random_forest (tree-based): Using top 10 features (includes DomainAge_Squared)
2026-02-08 17:26:52,453 - preprocessor - INFO -   Features selected: 10 (from 35 total)
2026-02-08 17:26:52,453 - preprocessor - INFO -   Selected features: ['HostingProvider_Encoded', 'HasExternalRefs', 'IsResponsive', 'DomainAgeMonths', 'DomainAge_Squared', 'Robots', 'TotalReferences', 'NoOfiFrame', 'NoOfExternalRef', 'NoOfSelfRef']
2026-02-08 17:26:52,493 - evaluator - INFO - Evaluating random_forest
2026-02-08 17:26:52,501 - evaluator - INFO - random_forest Results:
2026-02-08 17:26:52,501 - evaluator - INFO -   Accuracy:  0.7907
2026-02-08 17:26:52,501 - evaluator - INFO -   Precision: 0.8027
2026-02-08 17:26:52,501 - evaluator - INFO -   Recall:    0.8215
2026-02-08 17:26:52,501 - evaluator - INFO -   F1 Score:  0.8120
2026-02-08 17:26:52,501 - evaluator - INFO -   ROC-AUC:   0.7915
2026-02-08 17:26:52,501 - preprocessor - INFO - gradient_boosting (tree-based): Using top 10 features (includes DomainAge_Squared)
2026-02-08 17:26:52,502 - preprocessor - INFO -   Features selected: 10 (from 35 total)
2026-02-08 17:26:52,502 - preprocessor - INFO -   Selected features: ['HostingProvider_Encoded', 'HasExternalRefs', 'IsResponsive', 'DomainAgeMonths', 'DomainAge_Squared', 'Robots', 'TotalReferences', 'NoOfiFrame', 'NoOfExternalRef', 'NoOfSelfRef']
2026-02-08 17:26:52,524 - preprocessor - INFO - gradient_boosting (tree-based): Using top 10 features (includes DomainAge_Squared)
2026-02-08 17:26:52,524 - preprocessor - INFO -   Features selected: 10 (from 35 total)
2026-02-08 17:26:52,525 - preprocessor - INFO -   Selected features: ['HostingProvider_Encoded', 'HasExternalRefs', 'IsResponsive', 'DomainAgeMonths', 'DomainAge_Squared', 'Robots', 'TotalReferences', 'NoOfiFrame', 'NoOfExternalRef', 'NoOfSelfRef']
2026-02-08 17:26:52,546 - evaluator - INFO - Evaluating gradient_boosting
2026-02-08 17:26:52,552 - evaluator - INFO - gradient_boosting Results:
2026-02-08 17:26:52,552 - evaluator - INFO -   Accuracy:  0.7916
2026-02-08 17:26:52,552 - evaluator - INFO -   Precision: 0.8030
2026-02-08 17:26:52,552 - evaluator - INFO -   Recall:    0.8232
2026-02-08 17:26:52,552 - evaluator - INFO -   F1 Score:  0.8130
2026-02-08 17:26:52,552 - evaluator - INFO -   ROC-AUC:   0.7953
2026-02-08 17:26:52,552 - preprocessor - INFO - logistic_regression (linear): Using top 10 features (excludes DomainAge_Squared)
2026-02-08 17:26:52,552 - preprocessor - INFO -   Features selected: 10 (from 35 total)
2026-02-08 17:26:52,552 - preprocessor - INFO -   Selected features: ['HostingProvider_Encoded', 'HasExternalRefs', 'IsResponsive', 'DomainAgeMonths', 'Robots', 'TotalReferences', 'NoOfiFrame', 'NoOfExternalRef', 'NoOfSelfRef', 'HasPopups']
2026-02-08 17:26:52,553 - preprocessor - INFO - logistic_regression (linear): Using top 10 features (excludes DomainAge_Squared)
2026-02-08 17:26:52,553 - preprocessor - INFO -   Features selected: 10 (from 35 total)
2026-02-08 17:26:52,553 - preprocessor - INFO -   Selected features: ['HostingProvider_Encoded', 'HasExternalRefs', 'IsResponsive', 'DomainAgeMonths', 'Robots', 'TotalReferences', 'NoOfiFrame', 'NoOfExternalRef', 'NoOfSelfRef', 'HasPopups']
2026-02-08 17:26:52,554 - evaluator - INFO - Evaluating logistic_regression
2026-02-08 17:26:52,559 - evaluator - INFO - logistic_regression Results:
2026-02-08 17:26:52,559 - evaluator - INFO -   Accuracy:  0.7792
2026-02-08 17:26:52,559 - evaluator - INFO -   Precision: 0.7896
2026-02-08 17:26:52,559 - evaluator - INFO -   Recall:    0.8163
2026-02-08 17:26:52,559 - evaluator - INFO -   F1 Score:  0.8027
2026-02-08 17:26:52,559 - evaluator - INFO -   ROC-AUC:   0.7960
2026-02-08 17:26:52,559 - preprocessor - INFO - xgboost (tree-based): Using top 10 features (includes DomainAge_Squared)
2026-02-08 17:26:52,560 - preprocessor - INFO -   Features selected: 10 (from 35 total)
2026-02-08 17:26:52,560 - preprocessor - INFO -   Selected features: ['HostingProvider_Encoded', 'HasExternalRefs', 'IsResponsive', 'DomainAgeMonths', 'DomainAge_Squared', 'Robots', 'TotalReferences', 'NoOfiFrame', 'NoOfExternalRef', 'NoOfSelfRef']
2026-02-08 17:26:52,585 - preprocessor - INFO - xgboost (tree-based): Using top 10 features (includes DomainAge_Squared)
2026-02-08 17:26:52,586 - preprocessor - INFO -   Features selected: 10 (from 35 total)
2026-02-08 17:26:52,586 - preprocessor - INFO -   Selected features: ['HostingProvider_Encoded', 'HasExternalRefs', 'IsResponsive', 'DomainAgeMonths', 'DomainAge_Squared', 'Robots', 'TotalReferences', 'NoOfiFrame', 'NoOfExternalRef', 'NoOfSelfRef']
2026-02-08 17:26:52,614 - evaluator - INFO - Evaluating xgboost
2026-02-08 17:26:52,620 - evaluator - INFO - xgboost Results:
2026-02-08 17:26:52,620 - evaluator - INFO -   Accuracy:  0.7926
2026-02-08 17:26:52,620 - evaluator - INFO -   Precision: 0.8034
2026-02-08 17:26:52,620 - evaluator - INFO -   Recall:    0.8250
2026-02-08 17:26:52,620 - evaluator - INFO -   F1 Score:  0.8140
2026-02-08 17:26:52,621 - evaluator - INFO -   ROC-AUC:   0.7935
2026-02-08 17:26:52,621 - evaluator - INFO - ================================================================================
2026-02-08 17:26:52,622 - evaluator - INFO - 
================================================================================
2026-02-08 17:26:52,622 - evaluator - INFO - MODEL COMPARISON
2026-02-08 17:26:52,622 - evaluator - INFO - ================================================================================
2026-02-08 17:26:52,623 - evaluator - INFO - 
              Model  Accuracy  Precision   Recall  F1 Score  ROC-AUC
            xgboost  0.792561   0.803376 0.824957  0.814023 0.793457
  gradient_boosting  0.791607   0.803043 0.823224  0.813008 0.795305
      random_forest  0.790653   0.802710 0.821490  0.811991 0.791479
logistic_regression  0.779208   0.789606 0.816291  0.802727 0.795953
2026-02-08 17:26:52,625 - pipeline - INFO - 
================================================================================
2026-02-08 17:26:52,625 - pipeline - INFO - STEP 6: SELECTING BEST MODEL
2026-02-08 17:26:52,625 - pipeline - INFO - ================================================================================
2026-02-08 17:26:52,625 - evaluator - INFO - 
Best model: xgboost (f1=0.8140)
2026-02-08 17:26:52,625 - pipeline - INFO - 
Best Model: xgboost
2026-02-08 17:26:52,625 - pipeline - INFO -   Accuracy:  0.7926
2026-02-08 17:26:52,626 - pipeline - INFO -   Precision: 0.8034
2026-02-08 17:26:52,626 - pipeline - INFO -   Recall:    0.8250
2026-02-08 17:26:52,626 - pipeline - INFO -   F1 Score:  0.8140
2026-02-08 17:26:52,626 - pipeline - INFO -   ROC-AUC:   0.7935
2026-02-08 17:26:52,626 - pipeline - INFO - 
================================================================================
2026-02-08 17:26:52,626 - pipeline - INFO - STEP 7: SAVING MODELS
2026-02-08 17:26:52,626 - pipeline - INFO - ================================================================================
2026-02-08 17:26:52,803 - trainer - INFO - Saved random_forest to /Users/geraldchan/Downloads/aiip8-GERALD_CHAN_WEIHENG_695B/src/outputs/models/random_forest.joblib
2026-02-08 17:26:52,815 - trainer - INFO - Saved gradient_boosting to /Users/geraldchan/Downloads/aiip8-GERALD_CHAN_WEIHENG_695B/src/outputs/models/gradient_boosting.joblib
2026-02-08 17:26:52,816 - trainer - INFO - Saved logistic_regression to /Users/geraldchan/Downloads/aiip8-GERALD_CHAN_WEIHENG_695B/src/outputs/models/logistic_regression.joblib
2026-02-08 17:26:52,825 - trainer - INFO - Saved xgboost to /Users/geraldchan/Downloads/aiip8-GERALD_CHAN_WEIHENG_695B/src/outputs/models/xgboost.joblib
2026-02-08 17:26:52,826 - preprocessor - INFO - Saved preprocessor to /Users/geraldchan/Downloads/aiip8-GERALD_CHAN_WEIHENG_695B/src/outputs/models/preprocessor.joblib
2026-02-08 17:26:52,826 - pipeline - INFO - 
================================================================================
2026-02-08 17:26:52,826 - pipeline - INFO - STEP 8: GENERATING EVALUATION REPORT
2026-02-08 17:26:52,826 - pipeline - INFO - ================================================================================
2026-02-08 17:26:52,826 - evaluator - INFO - Generating comprehensive evaluation report
2026-02-08 17:26:52,827 - evaluator - INFO - 
================================================================================
2026-02-08 17:26:52,827 - evaluator - INFO - MODEL COMPARISON
2026-02-08 17:26:52,827 - evaluator - INFO - ================================================================================
2026-02-08 17:26:52,828 - evaluator - INFO - 
              Model  Accuracy  Precision   Recall  F1 Score  ROC-AUC
            xgboost  0.792561   0.803376 0.824957  0.814023 0.793457
  gradient_boosting  0.791607   0.803043 0.823224  0.813008 0.795305
      random_forest  0.790653   0.802710 0.821490  0.811991 0.791479
logistic_regression  0.779208   0.789606 0.816291  0.802727 0.795953
2026-02-08 17:26:52,834 - evaluator - INFO - Saved model comparison to /Users/geraldchan/Downloads/aiip8-GERALD_CHAN_WEIHENG_695B/src/outputs/results/model_comparison.csv
2026-02-08 17:26:52,834 - pipeline - ERROR - Pipeline failed with error: Object of type int64 is not JSON serializable
2026-02-08 17:26:52,834 - pipeline - ERROR - Full traceback:
Traceback (most recent call last):
  File "/Users/geraldchan/Downloads/aiip8-GERALD_CHAN_WEIHENG_695B/src/pipeline.py", line 192, in run
    self.evaluator.generate_report(y_test, self.trainer, self.config.RESULTS_DIR)
  File "/Users/geraldchan/Downloads/aiip8-GERALD_CHAN_WEIHENG_695B/src/evaluator.py", line 321, in generate_report
    self.save_results(output_dir)
  File "/Users/geraldchan/Downloads/aiip8-GERALD_CHAN_WEIHENG_695B/src/evaluator.py", line 303, in save_results
    json.dump(json_results, f, indent=2)
  File "/opt/anaconda3/lib/python3.12/json/__init__.py", line 179, in dump
    for chunk in iterable:
  File "/opt/anaconda3/lib/python3.12/json/encoder.py", line 432, in _iterencode
    yield from _iterencode_dict(o, _current_indent_level)
  File "/opt/anaconda3/lib/python3.12/json/encoder.py", line 406, in _iterencode_dict
    yield from chunks
  File "/opt/anaconda3/lib/python3.12/json/encoder.py", line 406, in _iterencode_dict
    yield from chunks
  File "/opt/anaconda3/lib/python3.12/json/encoder.py", line 439, in _iterencode
    o = _default(o)
        ^^^^^^^^^^^
  File "/opt/anaconda3/lib/python3.12/json/encoder.py", line 180, in default
    raise TypeError(f'Object of type {o.__class__.__name__} '
TypeError: Object of type int64 is not JSON serializable
2026-02-08 17:26:52,836 - root - ERROR - Pipeline failed with exception:
Traceback (most recent call last):
  File "/Users/geraldchan/Downloads/aiip8-GERALD_CHAN_WEIHENG_695B/src/run.py", line 119, in main
    results = pipeline.run()
              ^^^^^^^^^^^^^^
  File "/Users/geraldchan/Downloads/aiip8-GERALD_CHAN_WEIHENG_695B/src/pipeline.py", line 192, in run
    self.evaluator.generate_report(y_test, self.trainer, self.config.RESULTS_DIR)
  File "/Users/geraldchan/Downloads/aiip8-GERALD_CHAN_WEIHENG_695B/src/evaluator.py", line 321, in generate_report
    self.save_results(output_dir)
  File "/Users/geraldchan/Downloads/aiip8-GERALD_CHAN_WEIHENG_695B/src/evaluator.py", line 303, in save_results
    json.dump(json_results, f, indent=2)
  File "/opt/anaconda3/lib/python3.12/json/__init__.py", line 179, in dump
    for chunk in iterable:
  File "/opt/anaconda3/lib/python3.12/json/encoder.py", line 432, in _iterencode
    yield from _iterencode_dict(o, _current_indent_level)
  File "/opt/anaconda3/lib/python3.12/json/encoder.py", line 406, in _iterencode_dict
    yield from chunks
  File "/opt/anaconda3/lib/python3.12/json/encoder.py", line 406, in _iterencode_dict
    yield from chunks
  File "/opt/anaconda3/lib/python3.12/json/encoder.py", line 439, in _iterencode
    o = _default(o)
        ^^^^^^^^^^^
  File "/opt/anaconda3/lib/python3.12/json/encoder.py", line 180, in default
    raise TypeError(f'Object of type {o.__class__.__name__} '
TypeError: Object of type int64 is not JSON serializable
2026-02-08 17:39:32,419 - pipeline - INFO - ================================================================================
2026-02-08 17:39:32,419 - pipeline - INFO - PHISHING DETECTION ML PIPELINE - START
2026-02-08 17:39:32,419 - pipeline - INFO - ================================================================================
2026-02-08 17:39:32,420 - pipeline - INFO - 
================================================================================
2026-02-08 17:39:32,420 - pipeline - INFO - STEP 1: LOADING DATA
2026-02-08 17:39:32,420 - pipeline - INFO - ================================================================================
2026-02-08 17:39:32,420 - data_loader - INFO - Loading data from /Users/geraldchan/Downloads/aiip8-GERALD_CHAN_WEIHENG_695B/src/data/phishing.db
2026-02-08 17:39:32,460 - data_loader - INFO - Loaded 10500 records from database
2026-02-08 17:39:32,460 - data_loader - INFO - Features: 16 columns
2026-02-08 17:39:32,460 - data_loader - INFO - Target distribution:
label
1    5779
0    4721
Name: count, dtype: int64
2026-02-08 17:39:32,464 - pipeline - INFO - Dataset summary: {'total_samples': 10500, 'n_features': 15, 'n_phishing': 4721, 'n_legitimate': 5779, 'phishing_percentage': 44.96190476190476, 'legitimate_percentage': 55.03809523809524, 'missing_values': 2355, 'duplicate_rows': 0}
2026-02-08 17:39:32,464 - pipeline - INFO - 
================================================================================
2026-02-08 17:39:32,464 - pipeline - INFO - STEP 2: SPLITTING DATA
2026-02-08 17:39:32,464 - pipeline - INFO - ================================================================================
2026-02-08 17:39:32,464 - data_loader - INFO - Splitting data into train/val/test sets
2026-02-08 17:39:32,470 - data_loader - INFO - Training set: 6300 samples (60.0%)
2026-02-08 17:39:32,470 - data_loader - INFO -   Class distribution: {1: 3467, 0: 2833}
2026-02-08 17:39:32,470 - data_loader - INFO - Validation set: 2100 samples (20.0%)
2026-02-08 17:39:32,470 - data_loader - INFO -   Class distribution: {1: 1156, 0: 944}
2026-02-08 17:39:32,470 - data_loader - INFO - Test set: 2100 samples (20.0%)
2026-02-08 17:39:32,471 - data_loader - INFO -   Class distribution: {1: 1156, 0: 944}
2026-02-08 17:39:32,471 - pipeline - INFO - 
================================================================================
2026-02-08 17:39:32,471 - pipeline - INFO - STEP 3: PREPROCESSING DATA
2026-02-08 17:39:32,471 - pipeline - INFO - ================================================================================
2026-02-08 17:39:32,471 - pipeline - INFO - Processing training data (fit + transform)...
2026-02-08 17:39:32,471 - preprocessor - INFO - === Fitting and transforming training data ===
2026-02-08 17:39:32,471 - preprocessor - INFO - Cleaning data
2026-02-08 17:39:32,472 - preprocessor - INFO - Dropped 1 unnamed column(s): ['Unnamed: 0']
2026-02-08 17:39:32,473 - preprocessor - INFO - Fixed duplicate 'eCommerce' categories in Industry
2026-02-08 17:39:32,475 - preprocessor - WARNING - Removed 48 duplicate rows
2026-02-08 17:39:32,475 - preprocessor - INFO - Handling missing values
2026-02-08 17:39:32,476 - preprocessor - INFO - Created LineOfCode_IsMissing indicator: 1408 missing values
2026-02-08 17:39:32,476 - preprocessor - INFO - Fitted LineOfCode median: 629.0
2026-02-08 17:39:32,477 - preprocessor - INFO - Imputed LineOfCode missing values with median: 629.0
2026-02-08 17:39:32,477 - preprocessor - INFO - Handling outliers with feature-specific strategies
2026-02-08 17:39:32,480 - preprocessor - INFO - Conservative clip LargestLineLength: [-23438.00, 31660.75] (3×IQR)
2026-02-08 17:39:32,481 - preprocessor - INFO - Protecting NoOfURLRedirect - no outlier treatment (phishing indicator)
2026-02-08 17:39:32,481 - preprocessor - INFO - Protecting NoOfSelfRedirect - no outlier treatment (phishing indicator)
2026-02-08 17:39:32,481 - preprocessor - INFO - Protecting NoOfPopup - no outlier treatment (phishing indicator)
2026-02-08 17:39:32,481 - preprocessor - INFO - Protecting NoOfiFrame - no outlier treatment (phishing indicator)
2026-02-08 17:39:32,481 - preprocessor - INFO - Extreme clip NoOfImage: upper bound = 292.98 (99th percentile)
2026-02-08 17:39:32,482 - preprocessor - INFO - Conservative clip NoOfSelfRef: [-261.00, 348.00] (3×IQR)
2026-02-08 17:39:32,483 - preprocessor - INFO - Conservative clip NoOfExternalRef: [-167.00, 225.00] (3×IQR)
2026-02-08 17:39:32,487 - preprocessor - INFO - Engineering features
2026-02-08 17:39:32,488 - preprocessor - INFO - Created 4 binary flag features
2026-02-08 17:39:32,489 - preprocessor - INFO - Created 2 ratio features
2026-02-08 17:39:32,489 - preprocessor - INFO - Created 2 aggregation features
2026-02-08 17:39:32,490 - preprocessor - INFO - Created 2 log-transformed features
2026-02-08 17:39:32,490 - preprocessor - INFO - Created DomainAge_Squared (will be excluded for linear models)
2026-02-08 17:39:32,493 - preprocessor - WARNING - Replaced inf/NaN values with 0 in engineered features
2026-02-08 17:39:32,493 - preprocessor - INFO - Encoding categorical features
2026-02-08 17:39:32,495 - preprocessor - INFO - One-hot encoded Industry: 10 features
2026-02-08 17:39:32,497 - preprocessor - INFO - Target encoded HostingProvider: 13 categories
2026-02-08 17:39:32,497 - preprocessor - INFO - Scaling features using robust
2026-02-08 17:39:32,508 - preprocessor - INFO - Fitted and transformed 25 numerical features
2026-02-08 17:39:32,509 - preprocessor - INFO - Preprocessing complete. Final shape: (6252, 36)
2026-02-08 17:39:32,509 - preprocessor - INFO - Split features and target: X shape = (6252, 35), y shape = (6252,)
2026-02-08 17:39:32,509 - pipeline - INFO - Processing validation data (transform only)...
2026-02-08 17:39:32,509 - preprocessor - INFO - === Transforming test/validation data ===
2026-02-08 17:39:32,509 - preprocessor - INFO - Cleaning data
2026-02-08 17:39:32,510 - preprocessor - INFO - Dropped 1 unnamed column(s): ['Unnamed: 0']
2026-02-08 17:39:32,511 - preprocessor - INFO - Fixed duplicate 'eCommerce' categories in Industry
2026-02-08 17:39:32,512 - preprocessor - WARNING - Removed 4 duplicate rows
2026-02-08 17:39:32,512 - preprocessor - INFO - Handling missing values
2026-02-08 17:39:32,512 - preprocessor - INFO - Created LineOfCode_IsMissing indicator: 472 missing values
2026-02-08 17:39:32,513 - preprocessor - INFO - Imputed LineOfCode missing values with median: 629.0
2026-02-08 17:39:32,513 - preprocessor - INFO - Handling outliers with feature-specific strategies
2026-02-08 17:39:32,514 - preprocessor - INFO - Protecting NoOfURLRedirect - no outlier treatment (phishing indicator)
2026-02-08 17:39:32,514 - preprocessor - INFO - Protecting NoOfSelfRedirect - no outlier treatment (phishing indicator)
2026-02-08 17:39:32,514 - preprocessor - INFO - Protecting NoOfPopup - no outlier treatment (phishing indicator)
2026-02-08 17:39:32,514 - preprocessor - INFO - Protecting NoOfiFrame - no outlier treatment (phishing indicator)
2026-02-08 17:39:32,516 - preprocessor - INFO - Engineering features
2026-02-08 17:39:32,517 - preprocessor - INFO - Created 4 binary flag features
2026-02-08 17:39:32,518 - preprocessor - INFO - Created 2 ratio features
2026-02-08 17:39:32,518 - preprocessor - INFO - Created 2 aggregation features
2026-02-08 17:39:32,518 - preprocessor - INFO - Created 2 log-transformed features
2026-02-08 17:39:32,518 - preprocessor - INFO - Created DomainAge_Squared (will be excluded for linear models)
2026-02-08 17:39:32,520 - preprocessor - WARNING - Replaced inf/NaN values with 0 in engineered features
2026-02-08 17:39:32,520 - preprocessor - INFO - Encoding categorical features
2026-02-08 17:39:32,522 - preprocessor - INFO - Scaling features using robust
2026-02-08 17:39:32,524 - preprocessor - INFO - Transformed 25 numerical features
2026-02-08 17:39:32,524 - preprocessor - INFO - Preprocessing complete. Final shape: (2096, 36)
2026-02-08 17:39:32,524 - preprocessor - INFO - Split features and target: X shape = (2096, 35), y shape = (2096,)
2026-02-08 17:39:32,524 - pipeline - INFO - Processing test data (transform only)...
2026-02-08 17:39:32,524 - preprocessor - INFO - === Transforming test/validation data ===
2026-02-08 17:39:32,524 - preprocessor - INFO - Cleaning data
2026-02-08 17:39:32,525 - preprocessor - INFO - Dropped 1 unnamed column(s): ['Unnamed: 0']
2026-02-08 17:39:32,525 - preprocessor - INFO - Fixed duplicate 'eCommerce' categories in Industry
2026-02-08 17:39:32,526 - preprocessor - WARNING - Removed 3 duplicate rows
2026-02-08 17:39:32,526 - preprocessor - INFO - Handling missing values
2026-02-08 17:39:32,527 - preprocessor - INFO - Created LineOfCode_IsMissing indicator: 452 missing values
2026-02-08 17:39:32,527 - preprocessor - INFO - Imputed LineOfCode missing values with median: 629.0
2026-02-08 17:39:32,527 - preprocessor - INFO - Handling outliers with feature-specific strategies
2026-02-08 17:39:32,528 - preprocessor - INFO - Protecting NoOfURLRedirect - no outlier treatment (phishing indicator)
2026-02-08 17:39:32,528 - preprocessor - INFO - Protecting NoOfSelfRedirect - no outlier treatment (phishing indicator)
2026-02-08 17:39:32,528 - preprocessor - INFO - Protecting NoOfPopup - no outlier treatment (phishing indicator)
2026-02-08 17:39:32,528 - preprocessor - INFO - Protecting NoOfiFrame - no outlier treatment (phishing indicator)
2026-02-08 17:39:32,531 - preprocessor - INFO - Engineering features
2026-02-08 17:39:32,531 - preprocessor - INFO - Created 4 binary flag features
2026-02-08 17:39:32,532 - preprocessor - INFO - Created 2 ratio features
2026-02-08 17:39:32,532 - preprocessor - INFO - Created 2 aggregation features
2026-02-08 17:39:32,532 - preprocessor - INFO - Created 2 log-transformed features
2026-02-08 17:39:32,533 - preprocessor - INFO - Created DomainAge_Squared (will be excluded for linear models)
2026-02-08 17:39:32,534 - preprocessor - WARNING - Replaced inf/NaN values with 0 in engineered features
2026-02-08 17:39:32,534 - preprocessor - INFO - Encoding categorical features
2026-02-08 17:39:32,536 - preprocessor - INFO - Scaling features using robust
2026-02-08 17:39:32,538 - preprocessor - INFO - Transformed 25 numerical features
2026-02-08 17:39:32,538 - preprocessor - INFO - Preprocessing complete. Final shape: (2097, 36)
2026-02-08 17:39:32,538 - preprocessor - INFO - Split features and target: X shape = (2097, 35), y shape = (2097,)
2026-02-08 17:39:32,538 - pipeline - INFO - Processed shapes - Train: (6252, 35), Val: (2096, 35), Test: (2097, 35)
2026-02-08 17:39:32,538 - pipeline - INFO - 
================================================================================
2026-02-08 17:39:32,538 - pipeline - INFO - STEP 4: TRAINING MODELS
2026-02-08 17:39:32,538 - pipeline - INFO - ================================================================================
2026-02-08 17:39:32,538 - pipeline - INFO - NOTE: Each model will use only its TOP 10 features
2026-02-08 17:39:32,538 - pipeline - INFO -   - Tree models: Include DomainAge_Squared
2026-02-08 17:39:32,538 - pipeline - INFO -   - Linear models: Exclude DomainAge_Squared
2026-02-08 17:39:32,538 - pipeline - INFO - ================================================================================
2026-02-08 17:39:32,539 - trainer - INFO - ================================================================================
2026-02-08 17:39:32,539 - trainer - INFO - TRAINING ALL ENABLED MODELS
2026-02-08 17:39:32,539 - trainer - INFO - ================================================================================
2026-02-08 17:39:32,539 - trainer - INFO - Enabled models: ['random_forest', 'gradient_boosting', 'logistic_regression', 'xgboost']
2026-02-08 17:39:32,539 - trainer - INFO - ================================================================================
2026-02-08 17:39:32,539 - trainer - INFO - Training random_forest
2026-02-08 17:39:32,539 - trainer - INFO - ================================================================================
2026-02-08 17:39:32,539 - preprocessor - INFO - random_forest (tree-based): Using top 10 features (includes DomainAge_Squared)
2026-02-08 17:39:32,539 - preprocessor - INFO -   Features selected: 10 (from 35 total)
2026-02-08 17:39:32,539 - preprocessor - INFO -   Selected features: ['HostingProvider_Encoded', 'HasExternalRefs', 'IsResponsive', 'DomainAgeMonths', 'DomainAge_Squared', 'Robots', 'TotalReferences', 'NoOfiFrame', 'NoOfExternalRef', 'NoOfSelfRef']
2026-02-08 17:39:32,539 - trainer - INFO - Feature set shape: (6252, 10)
2026-02-08 17:39:32,539 - trainer - INFO - Performing hyperparameter tuning (grid search)
2026-02-08 17:46:05,912 - trainer - INFO - Best parameters: {'max_depth': 20, 'max_features': 'sqrt', 'min_samples_leaf': 2, 'min_samples_split': 20, 'n_estimators': 300}
2026-02-08 17:46:05,913 - trainer - INFO - Best CV f1: 0.8218
2026-02-08 17:46:05,913 - trainer - INFO - Training completed in 393.37 seconds
2026-02-08 17:46:05,913 - trainer - INFO - ================================================================================

2026-02-08 17:46:05,913 - trainer - INFO - ================================================================================
2026-02-08 17:46:05,913 - trainer - INFO - Training gradient_boosting
2026-02-08 17:46:05,913 - trainer - INFO - ================================================================================
2026-02-08 17:46:05,913 - preprocessor - INFO - gradient_boosting (tree-based): Using top 10 features (includes DomainAge_Squared)
2026-02-08 17:46:05,915 - preprocessor - INFO -   Features selected: 10 (from 35 total)
2026-02-08 17:46:05,915 - preprocessor - INFO -   Selected features: ['HostingProvider_Encoded', 'HasExternalRefs', 'IsResponsive', 'DomainAgeMonths', 'DomainAge_Squared', 'Robots', 'TotalReferences', 'NoOfiFrame', 'NoOfExternalRef', 'NoOfSelfRef']
2026-02-08 17:46:05,915 - trainer - INFO - Feature set shape: (6252, 10)
2026-02-08 17:46:05,915 - trainer - INFO - Performing hyperparameter tuning (grid search)
2026-02-08 17:50:10,578 - trainer - INFO - Best parameters: {'learning_rate': 0.01, 'max_depth': 4, 'n_estimators': 500, 'subsample': 0.7}
2026-02-08 17:50:10,579 - trainer - INFO - Best CV f1: 0.8229
2026-02-08 17:50:10,579 - trainer - INFO - Training completed in 244.66 seconds
2026-02-08 17:50:10,579 - trainer - INFO - ================================================================================

2026-02-08 17:50:10,579 - trainer - INFO - ================================================================================
2026-02-08 17:50:10,580 - trainer - INFO - Training logistic_regression
2026-02-08 17:50:10,580 - trainer - INFO - ================================================================================
2026-02-08 17:50:10,580 - preprocessor - INFO - logistic_regression (linear): Using top 10 features (excludes DomainAge_Squared)
2026-02-08 17:50:10,581 - preprocessor - INFO -   Features selected: 10 (from 35 total)
2026-02-08 17:50:10,581 - preprocessor - INFO -   Selected features: ['HostingProvider_Encoded', 'HasExternalRefs', 'IsResponsive', 'DomainAgeMonths', 'Robots', 'TotalReferences', 'NoOfiFrame', 'NoOfExternalRef', 'NoOfSelfRef', 'HasPopups']
2026-02-08 17:50:10,581 - trainer - INFO - Feature set shape: (6252, 10)
2026-02-08 17:50:10,581 - trainer - INFO - Performing hyperparameter tuning (grid search)
2026-02-08 17:50:12,509 - trainer - INFO - Best parameters: {'C': 1.0, 'penalty': 'l1', 'solver': 'liblinear'}
2026-02-08 17:50:12,509 - trainer - INFO - Best CV f1: 0.8163
2026-02-08 17:50:12,509 - trainer - INFO - Training completed in 1.93 seconds
2026-02-08 17:50:12,509 - trainer - INFO - ================================================================================

2026-02-08 17:50:12,509 - trainer - INFO - ================================================================================
2026-02-08 17:50:12,509 - trainer - INFO - Training xgboost
2026-02-08 17:50:12,509 - trainer - INFO - ================================================================================
2026-02-08 17:50:12,509 - preprocessor - INFO - xgboost (tree-based): Using top 10 features (includes DomainAge_Squared)
2026-02-08 17:50:12,510 - preprocessor - INFO -   Features selected: 10 (from 35 total)
2026-02-08 17:50:12,510 - preprocessor - INFO -   Selected features: ['HostingProvider_Encoded', 'HasExternalRefs', 'IsResponsive', 'DomainAgeMonths', 'DomainAge_Squared', 'Robots', 'TotalReferences', 'NoOfiFrame', 'NoOfExternalRef', 'NoOfSelfRef']
2026-02-08 17:50:12,510 - trainer - INFO - Feature set shape: (6252, 10)
2026-02-08 17:50:12,510 - trainer - INFO - Performing hyperparameter tuning (grid search)
2026-02-08 17:51:19,452 - trainer - INFO - Best parameters: {'colsample_bytree': 0.9, 'learning_rate': 0.01, 'max_depth': 4, 'n_estimators': 700, 'subsample': 0.8}
2026-02-08 17:51:19,453 - trainer - INFO - Best CV f1: 0.8231
2026-02-08 17:51:19,453 - trainer - INFO - Training completed in 66.94 seconds
2026-02-08 17:51:19,453 - trainer - INFO - ================================================================================

2026-02-08 17:51:19,453 - trainer - INFO - ================================================================================
2026-02-08 17:51:19,453 - trainer - INFO - ALL MODELS TRAINED
2026-02-08 17:51:19,453 - trainer - INFO - ================================================================================
2026-02-08 17:51:19,454 - pipeline - INFO - 
Training Summary:
2026-02-08 17:51:19,457 - pipeline - INFO - 
                              model_name training_time cv_score_mean cv_score_std                                                                                                     best_params feature_count
xgboost                          xgboost     66.942735       0.82311       0.0139         {'colsample_bytree': 0.9, 'learning_rate': 0.01, 'max_depth': 4, 'n_estimators': 700, 'subsample': 0.8}            10
gradient_boosting      gradient_boosting    244.664207      0.822919     0.012495                                  {'learning_rate': 0.01, 'max_depth': 4, 'n_estimators': 500, 'subsample': 0.7}            10
random_forest              random_forest     393.37362      0.821828     0.013939  {'max_depth': 20, 'max_features': 'sqrt', 'min_samples_leaf': 2, 'min_samples_split': 20, 'n_estimators': 300}            10
logistic_regression  logistic_regression      1.928198      0.816342     0.011264                                                              {'C': 1.0, 'penalty': 'l1', 'solver': 'liblinear'}            10
2026-02-08 17:51:19,457 - pipeline - INFO - 
================================================================================
2026-02-08 17:51:19,457 - pipeline - INFO - STEP 5: EVALUATING MODELS
2026-02-08 17:51:19,457 - pipeline - INFO - ================================================================================
2026-02-08 17:51:19,457 - evaluator - INFO - ================================================================================
2026-02-08 17:51:19,457 - evaluator - INFO - EVALUATING ALL MODELS
2026-02-08 17:51:19,457 - evaluator - INFO - ================================================================================
2026-02-08 17:51:19,457 - preprocessor - INFO - random_forest (tree-based): Using top 10 features (includes DomainAge_Squared)
2026-02-08 17:51:19,458 - preprocessor - INFO -   Features selected: 10 (from 35 total)
2026-02-08 17:51:19,458 - preprocessor - INFO -   Selected features: ['HostingProvider_Encoded', 'HasExternalRefs', 'IsResponsive', 'DomainAgeMonths', 'DomainAge_Squared', 'Robots', 'TotalReferences', 'NoOfiFrame', 'NoOfExternalRef', 'NoOfSelfRef']
2026-02-08 17:51:19,499 - preprocessor - INFO - random_forest (tree-based): Using top 10 features (includes DomainAge_Squared)
2026-02-08 17:51:19,500 - preprocessor - INFO -   Features selected: 10 (from 35 total)
2026-02-08 17:51:19,500 - preprocessor - INFO -   Selected features: ['HostingProvider_Encoded', 'HasExternalRefs', 'IsResponsive', 'DomainAgeMonths', 'DomainAge_Squared', 'Robots', 'TotalReferences', 'NoOfiFrame', 'NoOfExternalRef', 'NoOfSelfRef']
2026-02-08 17:51:19,539 - evaluator - INFO - Evaluating random_forest
2026-02-08 17:51:19,545 - evaluator - INFO - random_forest Results:
2026-02-08 17:51:19,545 - evaluator - INFO -   Accuracy:  0.7907
2026-02-08 17:51:19,545 - evaluator - INFO -   Precision: 0.8027
2026-02-08 17:51:19,545 - evaluator - INFO -   Recall:    0.8215
2026-02-08 17:51:19,545 - evaluator - INFO -   F1 Score:  0.8120
2026-02-08 17:51:19,545 - evaluator - INFO -   ROC-AUC:   0.7915
2026-02-08 17:51:19,545 - preprocessor - INFO - gradient_boosting (tree-based): Using top 10 features (includes DomainAge_Squared)
2026-02-08 17:51:19,546 - preprocessor - INFO -   Features selected: 10 (from 35 total)
2026-02-08 17:51:19,546 - preprocessor - INFO -   Selected features: ['HostingProvider_Encoded', 'HasExternalRefs', 'IsResponsive', 'DomainAgeMonths', 'DomainAge_Squared', 'Robots', 'TotalReferences', 'NoOfiFrame', 'NoOfExternalRef', 'NoOfSelfRef']
2026-02-08 17:51:19,568 - preprocessor - INFO - gradient_boosting (tree-based): Using top 10 features (includes DomainAge_Squared)
2026-02-08 17:51:19,568 - preprocessor - INFO -   Features selected: 10 (from 35 total)
2026-02-08 17:51:19,568 - preprocessor - INFO -   Selected features: ['HostingProvider_Encoded', 'HasExternalRefs', 'IsResponsive', 'DomainAgeMonths', 'DomainAge_Squared', 'Robots', 'TotalReferences', 'NoOfiFrame', 'NoOfExternalRef', 'NoOfSelfRef']
2026-02-08 17:51:19,590 - evaluator - INFO - Evaluating gradient_boosting
2026-02-08 17:51:19,596 - evaluator - INFO - gradient_boosting Results:
2026-02-08 17:51:19,596 - evaluator - INFO -   Accuracy:  0.7916
2026-02-08 17:51:19,596 - evaluator - INFO -   Precision: 0.8030
2026-02-08 17:51:19,596 - evaluator - INFO -   Recall:    0.8232
2026-02-08 17:51:19,596 - evaluator - INFO -   F1 Score:  0.8130
2026-02-08 17:51:19,596 - evaluator - INFO -   ROC-AUC:   0.7953
2026-02-08 17:51:19,596 - preprocessor - INFO - logistic_regression (linear): Using top 10 features (excludes DomainAge_Squared)
2026-02-08 17:51:19,597 - preprocessor - INFO -   Features selected: 10 (from 35 total)
2026-02-08 17:51:19,597 - preprocessor - INFO -   Selected features: ['HostingProvider_Encoded', 'HasExternalRefs', 'IsResponsive', 'DomainAgeMonths', 'Robots', 'TotalReferences', 'NoOfiFrame', 'NoOfExternalRef', 'NoOfSelfRef', 'HasPopups']
2026-02-08 17:51:19,597 - preprocessor - INFO - logistic_regression (linear): Using top 10 features (excludes DomainAge_Squared)
2026-02-08 17:51:19,598 - preprocessor - INFO -   Features selected: 10 (from 35 total)
2026-02-08 17:51:19,598 - preprocessor - INFO -   Selected features: ['HostingProvider_Encoded', 'HasExternalRefs', 'IsResponsive', 'DomainAgeMonths', 'Robots', 'TotalReferences', 'NoOfiFrame', 'NoOfExternalRef', 'NoOfSelfRef', 'HasPopups']
2026-02-08 17:51:19,598 - evaluator - INFO - Evaluating logistic_regression
2026-02-08 17:51:19,604 - evaluator - INFO - logistic_regression Results:
2026-02-08 17:51:19,604 - evaluator - INFO -   Accuracy:  0.7792
2026-02-08 17:51:19,604 - evaluator - INFO -   Precision: 0.7896
2026-02-08 17:51:19,604 - evaluator - INFO -   Recall:    0.8163
2026-02-08 17:51:19,604 - evaluator - INFO -   F1 Score:  0.8027
2026-02-08 17:51:19,604 - evaluator - INFO -   ROC-AUC:   0.7960
2026-02-08 17:51:19,604 - preprocessor - INFO - xgboost (tree-based): Using top 10 features (includes DomainAge_Squared)
2026-02-08 17:51:19,606 - preprocessor - INFO -   Features selected: 10 (from 35 total)
2026-02-08 17:51:19,606 - preprocessor - INFO -   Selected features: ['HostingProvider_Encoded', 'HasExternalRefs', 'IsResponsive', 'DomainAgeMonths', 'DomainAge_Squared', 'Robots', 'TotalReferences', 'NoOfiFrame', 'NoOfExternalRef', 'NoOfSelfRef']
2026-02-08 17:51:19,630 - preprocessor - INFO - xgboost (tree-based): Using top 10 features (includes DomainAge_Squared)
2026-02-08 17:51:19,631 - preprocessor - INFO -   Features selected: 10 (from 35 total)
2026-02-08 17:51:19,631 - preprocessor - INFO -   Selected features: ['HostingProvider_Encoded', 'HasExternalRefs', 'IsResponsive', 'DomainAgeMonths', 'DomainAge_Squared', 'Robots', 'TotalReferences', 'NoOfiFrame', 'NoOfExternalRef', 'NoOfSelfRef']
2026-02-08 17:51:19,660 - evaluator - INFO - Evaluating xgboost
2026-02-08 17:51:19,666 - evaluator - INFO - xgboost Results:
2026-02-08 17:51:19,666 - evaluator - INFO -   Accuracy:  0.7926
2026-02-08 17:51:19,666 - evaluator - INFO -   Precision: 0.8034
2026-02-08 17:51:19,666 - evaluator - INFO -   Recall:    0.8250
2026-02-08 17:51:19,666 - evaluator - INFO -   F1 Score:  0.8140
2026-02-08 17:51:19,666 - evaluator - INFO -   ROC-AUC:   0.7935
2026-02-08 17:51:19,666 - evaluator - INFO - ================================================================================
2026-02-08 17:51:19,667 - evaluator - INFO - 
================================================================================
2026-02-08 17:51:19,667 - evaluator - INFO - MODEL COMPARISON
2026-02-08 17:51:19,667 - evaluator - INFO - ================================================================================
2026-02-08 17:51:19,668 - evaluator - INFO - 
              Model  Accuracy  Precision   Recall  F1 Score  ROC-AUC
            xgboost  0.792561   0.803376 0.824957  0.814023 0.793457
  gradient_boosting  0.791607   0.803043 0.823224  0.813008 0.795305
      random_forest  0.790653   0.802710 0.821490  0.811991 0.791479
logistic_regression  0.779208   0.789606 0.816291  0.802727 0.795953
2026-02-08 17:51:19,668 - pipeline - INFO - 
================================================================================
2026-02-08 17:51:19,668 - pipeline - INFO - STEP 6: SELECTING BEST MODEL
2026-02-08 17:51:19,668 - pipeline - INFO - ================================================================================
2026-02-08 17:51:19,668 - evaluator - INFO - 
Best model: xgboost (f1=0.8140)
2026-02-08 17:51:19,668 - pipeline - INFO - 
Best Model: xgboost
2026-02-08 17:51:19,668 - pipeline - INFO -   Accuracy:  0.7926
2026-02-08 17:51:19,668 - pipeline - INFO -   Precision: 0.8034
2026-02-08 17:51:19,668 - pipeline - INFO -   Recall:    0.8250
2026-02-08 17:51:19,669 - pipeline - INFO -   F1 Score:  0.8140
2026-02-08 17:51:19,669 - pipeline - INFO -   ROC-AUC:   0.7935
2026-02-08 17:51:19,669 - pipeline - INFO - 
================================================================================
2026-02-08 17:51:19,669 - pipeline - INFO - STEP 7: SAVING MODELS
2026-02-08 17:51:19,669 - pipeline - INFO - ================================================================================
2026-02-08 17:51:19,804 - trainer - INFO - Saved random_forest to /Users/geraldchan/Downloads/aiip8-GERALD_CHAN_WEIHENG_695B/src/outputs/models/random_forest.joblib
2026-02-08 17:51:19,815 - trainer - INFO - Saved gradient_boosting to /Users/geraldchan/Downloads/aiip8-GERALD_CHAN_WEIHENG_695B/src/outputs/models/gradient_boosting.joblib
2026-02-08 17:51:19,816 - trainer - INFO - Saved logistic_regression to /Users/geraldchan/Downloads/aiip8-GERALD_CHAN_WEIHENG_695B/src/outputs/models/logistic_regression.joblib
2026-02-08 17:51:19,842 - trainer - INFO - Saved xgboost to /Users/geraldchan/Downloads/aiip8-GERALD_CHAN_WEIHENG_695B/src/outputs/models/xgboost.joblib
2026-02-08 17:51:19,843 - preprocessor - INFO - Saved preprocessor to /Users/geraldchan/Downloads/aiip8-GERALD_CHAN_WEIHENG_695B/src/outputs/models/preprocessor.joblib
2026-02-08 17:51:19,843 - pipeline - INFO - 
================================================================================
2026-02-08 17:51:19,843 - pipeline - INFO - STEP 8: GENERATING EVALUATION REPORT
2026-02-08 17:51:19,843 - pipeline - INFO - ================================================================================
2026-02-08 17:51:19,843 - evaluator - INFO - Generating comprehensive evaluation report
2026-02-08 17:51:19,843 - evaluator - INFO - 
================================================================================
2026-02-08 17:51:19,843 - evaluator - INFO - MODEL COMPARISON
2026-02-08 17:51:19,843 - evaluator - INFO - ================================================================================
2026-02-08 17:51:19,844 - evaluator - INFO - 
              Model  Accuracy  Precision   Recall  F1 Score  ROC-AUC
            xgboost  0.792561   0.803376 0.824957  0.814023 0.793457
  gradient_boosting  0.791607   0.803043 0.823224  0.813008 0.795305
      random_forest  0.790653   0.802710 0.821490  0.811991 0.791479
logistic_regression  0.779208   0.789606 0.816291  0.802727 0.795953
2026-02-08 17:51:19,848 - evaluator - INFO - Saved model comparison to /Users/geraldchan/Downloads/aiip8-GERALD_CHAN_WEIHENG_695B/src/outputs/results/model_comparison.csv
2026-02-08 17:51:19,849 - evaluator - INFO - Results saved successfully
2026-02-08 17:51:20,421 - evaluator - INFO - Saved confusion matrix to /Users/geraldchan/Downloads/aiip8-GERALD_CHAN_WEIHENG_695B/src/outputs/results/confusion_matrix_random_forest.png
2026-02-08 17:51:20,682 - evaluator - INFO - Saved ROC curve to /Users/geraldchan/Downloads/aiip8-GERALD_CHAN_WEIHENG_695B/src/outputs/results/roc_curve_random_forest.png
2026-02-08 17:51:20,992 - evaluator - INFO - Saved feature importance to /Users/geraldchan/Downloads/aiip8-GERALD_CHAN_WEIHENG_695B/src/outputs/results/feature_importance_random_forest.png
2026-02-08 17:51:20,996 - evaluator - INFO - 
Classification Report - random_forest:
2026-02-08 17:51:20,996 - evaluator - INFO - 
              precision    recall  f1-score   support

    Phishing       0.78      0.75      0.76       943
  Legitimate       0.80      0.82      0.81      1154

    accuracy                           0.79      2097
   macro avg       0.79      0.79      0.79      2097
weighted avg       0.79      0.79      0.79      2097

2026-02-08 17:51:21,227 - evaluator - INFO - Saved confusion matrix to /Users/geraldchan/Downloads/aiip8-GERALD_CHAN_WEIHENG_695B/src/outputs/results/confusion_matrix_gradient_boosting.png
2026-02-08 17:51:21,484 - evaluator - INFO - Saved ROC curve to /Users/geraldchan/Downloads/aiip8-GERALD_CHAN_WEIHENG_695B/src/outputs/results/roc_curve_gradient_boosting.png
2026-02-08 17:51:21,748 - evaluator - INFO - Saved feature importance to /Users/geraldchan/Downloads/aiip8-GERALD_CHAN_WEIHENG_695B/src/outputs/results/feature_importance_gradient_boosting.png
2026-02-08 17:51:21,752 - evaluator - INFO - 
Classification Report - gradient_boosting:
2026-02-08 17:51:21,752 - evaluator - INFO - 
              precision    recall  f1-score   support

    Phishing       0.78      0.75      0.76       943
  Legitimate       0.80      0.82      0.81      1154

    accuracy                           0.79      2097
   macro avg       0.79      0.79      0.79      2097
weighted avg       0.79      0.79      0.79      2097

2026-02-08 17:51:21,981 - evaluator - INFO - Saved confusion matrix to /Users/geraldchan/Downloads/aiip8-GERALD_CHAN_WEIHENG_695B/src/outputs/results/confusion_matrix_logistic_regression.png
2026-02-08 17:51:22,239 - evaluator - INFO - Saved ROC curve to /Users/geraldchan/Downloads/aiip8-GERALD_CHAN_WEIHENG_695B/src/outputs/results/roc_curve_logistic_regression.png
2026-02-08 17:51:22,243 - evaluator - INFO - 
Classification Report - logistic_regression:
2026-02-08 17:51:22,243 - evaluator - INFO - 
              precision    recall  f1-score   support

    Phishing       0.77      0.73      0.75       943
  Legitimate       0.79      0.82      0.80      1154

    accuracy                           0.78      2097
   macro avg       0.78      0.78      0.78      2097
weighted avg       0.78      0.78      0.78      2097

2026-02-08 17:51:22,470 - evaluator - INFO - Saved confusion matrix to /Users/geraldchan/Downloads/aiip8-GERALD_CHAN_WEIHENG_695B/src/outputs/results/confusion_matrix_xgboost.png
2026-02-08 17:51:22,725 - evaluator - INFO - Saved ROC curve to /Users/geraldchan/Downloads/aiip8-GERALD_CHAN_WEIHENG_695B/src/outputs/results/roc_curve_xgboost.png
2026-02-08 17:51:22,987 - evaluator - INFO - Saved feature importance to /Users/geraldchan/Downloads/aiip8-GERALD_CHAN_WEIHENG_695B/src/outputs/results/feature_importance_xgboost.png
2026-02-08 17:51:22,991 - evaluator - INFO - 
Classification Report - xgboost:
2026-02-08 17:51:22,991 - evaluator - INFO - 
              precision    recall  f1-score   support

    Phishing       0.78      0.75      0.77       943
  Legitimate       0.80      0.82      0.81      1154

    accuracy                           0.79      2097
   macro avg       0.79      0.79      0.79      2097
weighted avg       0.79      0.79      0.79      2097

2026-02-08 17:51:22,991 - evaluator - INFO - Evaluation report saved to /Users/geraldchan/Downloads/aiip8-GERALD_CHAN_WEIHENG_695B/src/outputs/results
2026-02-08 17:51:22,993 - pipeline - ERROR - Pipeline failed with error: name 'np' is not defined
2026-02-08 17:51:22,993 - pipeline - ERROR - Full traceback:
Traceback (most recent call last):
  File "/Users/geraldchan/Downloads/aiip8-GERALD_CHAN_WEIHENG_695B/src/pipeline.py", line 212, in run
    k: float(v) if isinstance(v, (np.int64, np.float64)) else v
                                  ^^
NameError: name 'np' is not defined
2026-02-08 17:51:22,994 - root - ERROR - Pipeline failed with exception:
Traceback (most recent call last):
  File "/Users/geraldchan/Downloads/aiip8-GERALD_CHAN_WEIHENG_695B/src/run.py", line 119, in main
    results = pipeline.run()
              ^^^^^^^^^^^^^^
  File "/Users/geraldchan/Downloads/aiip8-GERALD_CHAN_WEIHENG_695B/src/pipeline.py", line 212, in run
    k: float(v) if isinstance(v, (np.int64, np.float64)) else v
                                  ^^
NameError: name 'np' is not defined
2026-02-08 18:15:17,832 - pipeline - INFO - ================================================================================
2026-02-08 18:15:17,833 - pipeline - INFO - PHISHING DETECTION ML PIPELINE - START
2026-02-08 18:15:17,833 - pipeline - INFO - ================================================================================
2026-02-08 18:15:17,833 - pipeline - INFO - 
================================================================================
2026-02-08 18:15:17,833 - pipeline - INFO - STEP 1: LOADING DATA
2026-02-08 18:15:17,833 - pipeline - INFO - ================================================================================
2026-02-08 18:15:17,833 - data_loader - INFO - Loading data from /Users/geraldchan/Downloads/aiip8-GERALD_CHAN_WEIHENG_695B/src/data/phishing.db
2026-02-08 18:15:17,874 - data_loader - INFO - Loaded 10500 records from database
2026-02-08 18:15:17,874 - data_loader - INFO - Features: 16 columns
2026-02-08 18:15:17,875 - data_loader - INFO - Target distribution:
label
1    5779
0    4721
Name: count, dtype: int64
2026-02-08 18:15:17,879 - pipeline - INFO - Dataset summary: {'total_samples': 10500, 'n_features': 15, 'n_phishing': 4721, 'n_legitimate': 5779, 'phishing_percentage': 44.96190476190476, 'legitimate_percentage': 55.03809523809524, 'missing_values': 2355, 'duplicate_rows': 0}
2026-02-08 18:15:17,879 - pipeline - INFO - 
================================================================================
2026-02-08 18:15:17,879 - pipeline - INFO - STEP 2: SPLITTING DATA
2026-02-08 18:15:17,879 - pipeline - INFO - ================================================================================
2026-02-08 18:15:17,879 - data_loader - INFO - Splitting data into train/val/test sets
2026-02-08 18:15:17,885 - data_loader - INFO - Training set: 6300 samples (60.0%)
2026-02-08 18:15:17,885 - data_loader - INFO -   Class distribution: {1: 3467, 0: 2833}
2026-02-08 18:15:17,885 - data_loader - INFO - Validation set: 2100 samples (20.0%)
2026-02-08 18:15:17,885 - data_loader - INFO -   Class distribution: {1: 1156, 0: 944}
2026-02-08 18:15:17,885 - data_loader - INFO - Test set: 2100 samples (20.0%)
2026-02-08 18:15:17,885 - data_loader - INFO -   Class distribution: {1: 1156, 0: 944}
2026-02-08 18:15:17,885 - pipeline - INFO - 
================================================================================
2026-02-08 18:15:17,885 - pipeline - INFO - STEP 3: PREPROCESSING DATA
2026-02-08 18:15:17,885 - pipeline - INFO - ================================================================================
2026-02-08 18:15:17,885 - pipeline - INFO - Processing training data (fit + transform)...
2026-02-08 18:15:17,886 - preprocessor - INFO - === Fitting and transforming training data ===
2026-02-08 18:15:17,886 - preprocessor - INFO - Cleaning data
2026-02-08 18:15:17,886 - preprocessor - INFO - Dropped 1 unnamed column(s): ['Unnamed: 0']
2026-02-08 18:15:17,887 - preprocessor - INFO - Fixed duplicate 'eCommerce' categories in Industry
2026-02-08 18:15:17,890 - preprocessor - WARNING - Removed 48 duplicate rows
2026-02-08 18:15:17,890 - preprocessor - INFO - Handling missing values
2026-02-08 18:15:17,890 - preprocessor - INFO - Created LineOfCode_IsMissing indicator: 1408 missing values
2026-02-08 18:15:17,890 - preprocessor - INFO - Fitted LineOfCode median: 629.0
2026-02-08 18:15:17,892 - preprocessor - INFO - Imputed LineOfCode missing values with median: 629.0
2026-02-08 18:15:17,892 - preprocessor - INFO - Handling outliers with feature-specific strategies
2026-02-08 18:15:17,894 - preprocessor - INFO - Conservative clip LargestLineLength: [-23438.00, 31660.75] (3×IQR)
2026-02-08 18:15:17,895 - preprocessor - INFO - Protecting NoOfURLRedirect - no outlier treatment (phishing indicator)
2026-02-08 18:15:17,895 - preprocessor - INFO - Protecting NoOfSelfRedirect - no outlier treatment (phishing indicator)
2026-02-08 18:15:17,895 - preprocessor - INFO - Protecting NoOfPopup - no outlier treatment (phishing indicator)
2026-02-08 18:15:17,895 - preprocessor - INFO - Protecting NoOfiFrame - no outlier treatment (phishing indicator)
2026-02-08 18:15:17,895 - preprocessor - INFO - Extreme clip NoOfImage: upper bound = 292.98 (99th percentile)
2026-02-08 18:15:17,896 - preprocessor - INFO - Conservative clip NoOfSelfRef: [-261.00, 348.00] (3×IQR)
2026-02-08 18:15:17,897 - preprocessor - INFO - Conservative clip NoOfExternalRef: [-167.00, 225.00] (3×IQR)
2026-02-08 18:15:17,901 - preprocessor - INFO - Engineering features
2026-02-08 18:15:17,902 - preprocessor - INFO - Created 4 binary flag features
2026-02-08 18:15:17,902 - preprocessor - INFO - Created 2 ratio features
2026-02-08 18:15:17,903 - preprocessor - INFO - Created 2 aggregation features
2026-02-08 18:15:17,904 - preprocessor - INFO - Created 2 log-transformed features
2026-02-08 18:15:17,904 - preprocessor - INFO - Created DomainAge_Squared (will be excluded for linear models)
2026-02-08 18:15:17,907 - preprocessor - WARNING - Replaced inf/NaN values with 0 in engineered features
2026-02-08 18:15:17,907 - preprocessor - INFO - Encoding categorical features
2026-02-08 18:15:17,908 - preprocessor - INFO - One-hot encoded Industry: 10 features
2026-02-08 18:15:17,910 - preprocessor - INFO - Target encoded HostingProvider: 13 categories
2026-02-08 18:15:17,910 - preprocessor - INFO - Scaling features using robust
2026-02-08 18:15:17,920 - preprocessor - INFO - Fitted and transformed 25 numerical features
2026-02-08 18:15:17,920 - preprocessor - INFO - Preprocessing complete. Final shape: (6252, 36)
2026-02-08 18:15:17,921 - preprocessor - INFO - Split features and target: X shape = (6252, 35), y shape = (6252,)
2026-02-08 18:15:17,921 - pipeline - INFO - Processing validation data (transform only)...
2026-02-08 18:15:17,921 - preprocessor - INFO - === Transforming test/validation data ===
2026-02-08 18:15:17,921 - preprocessor - INFO - Cleaning data
2026-02-08 18:15:17,921 - preprocessor - INFO - Dropped 1 unnamed column(s): ['Unnamed: 0']
2026-02-08 18:15:17,922 - preprocessor - INFO - Fixed duplicate 'eCommerce' categories in Industry
2026-02-08 18:15:17,923 - preprocessor - WARNING - Removed 4 duplicate rows
2026-02-08 18:15:17,923 - preprocessor - INFO - Handling missing values
2026-02-08 18:15:17,924 - preprocessor - INFO - Created LineOfCode_IsMissing indicator: 472 missing values
2026-02-08 18:15:17,924 - preprocessor - INFO - Imputed LineOfCode missing values with median: 629.0
2026-02-08 18:15:17,924 - preprocessor - INFO - Handling outliers with feature-specific strategies
2026-02-08 18:15:17,925 - preprocessor - INFO - Protecting NoOfURLRedirect - no outlier treatment (phishing indicator)
2026-02-08 18:15:17,925 - preprocessor - INFO - Protecting NoOfSelfRedirect - no outlier treatment (phishing indicator)
2026-02-08 18:15:17,925 - preprocessor - INFO - Protecting NoOfPopup - no outlier treatment (phishing indicator)
2026-02-08 18:15:17,925 - preprocessor - INFO - Protecting NoOfiFrame - no outlier treatment (phishing indicator)
2026-02-08 18:15:17,927 - preprocessor - INFO - Engineering features
2026-02-08 18:15:17,928 - preprocessor - INFO - Created 4 binary flag features
2026-02-08 18:15:17,929 - preprocessor - INFO - Created 2 ratio features
2026-02-08 18:15:17,929 - preprocessor - INFO - Created 2 aggregation features
2026-02-08 18:15:17,929 - preprocessor - INFO - Created 2 log-transformed features
2026-02-08 18:15:17,929 - preprocessor - INFO - Created DomainAge_Squared (will be excluded for linear models)
2026-02-08 18:15:17,931 - preprocessor - WARNING - Replaced inf/NaN values with 0 in engineered features
2026-02-08 18:15:17,931 - preprocessor - INFO - Encoding categorical features
2026-02-08 18:15:17,933 - preprocessor - INFO - Scaling features using robust
2026-02-08 18:15:17,935 - preprocessor - INFO - Transformed 25 numerical features
2026-02-08 18:15:17,936 - preprocessor - INFO - Preprocessing complete. Final shape: (2096, 36)
2026-02-08 18:15:17,936 - preprocessor - INFO - Split features and target: X shape = (2096, 35), y shape = (2096,)
2026-02-08 18:15:17,936 - pipeline - INFO - Processing test data (transform only)...
2026-02-08 18:15:17,936 - preprocessor - INFO - === Transforming test/validation data ===
2026-02-08 18:15:17,936 - preprocessor - INFO - Cleaning data
2026-02-08 18:15:17,936 - preprocessor - INFO - Dropped 1 unnamed column(s): ['Unnamed: 0']
2026-02-08 18:15:17,937 - preprocessor - INFO - Fixed duplicate 'eCommerce' categories in Industry
2026-02-08 18:15:17,938 - preprocessor - WARNING - Removed 3 duplicate rows
2026-02-08 18:15:17,938 - preprocessor - INFO - Handling missing values
2026-02-08 18:15:17,939 - preprocessor - INFO - Created LineOfCode_IsMissing indicator: 452 missing values
2026-02-08 18:15:17,939 - preprocessor - INFO - Imputed LineOfCode missing values with median: 629.0
2026-02-08 18:15:17,939 - preprocessor - INFO - Handling outliers with feature-specific strategies
2026-02-08 18:15:17,940 - preprocessor - INFO - Protecting NoOfURLRedirect - no outlier treatment (phishing indicator)
2026-02-08 18:15:17,940 - preprocessor - INFO - Protecting NoOfSelfRedirect - no outlier treatment (phishing indicator)
2026-02-08 18:15:17,940 - preprocessor - INFO - Protecting NoOfPopup - no outlier treatment (phishing indicator)
2026-02-08 18:15:17,940 - preprocessor - INFO - Protecting NoOfiFrame - no outlier treatment (phishing indicator)
2026-02-08 18:15:17,943 - preprocessor - INFO - Engineering features
2026-02-08 18:15:17,944 - preprocessor - INFO - Created 4 binary flag features
2026-02-08 18:15:17,944 - preprocessor - INFO - Created 2 ratio features
2026-02-08 18:15:17,944 - preprocessor - INFO - Created 2 aggregation features
2026-02-08 18:15:17,945 - preprocessor - INFO - Created 2 log-transformed features
2026-02-08 18:15:17,945 - preprocessor - INFO - Created DomainAge_Squared (will be excluded for linear models)
2026-02-08 18:15:17,946 - preprocessor - WARNING - Replaced inf/NaN values with 0 in engineered features
2026-02-08 18:15:17,946 - preprocessor - INFO - Encoding categorical features
2026-02-08 18:15:17,948 - preprocessor - INFO - Scaling features using robust
2026-02-08 18:15:17,950 - preprocessor - INFO - Transformed 25 numerical features
2026-02-08 18:15:17,950 - preprocessor - INFO - Preprocessing complete. Final shape: (2097, 36)
2026-02-08 18:15:17,950 - preprocessor - INFO - Split features and target: X shape = (2097, 35), y shape = (2097,)
2026-02-08 18:15:17,951 - pipeline - INFO - Processed shapes - Train: (6252, 35), Val: (2096, 35), Test: (2097, 35)
2026-02-08 18:15:17,951 - pipeline - INFO - 
================================================================================
2026-02-08 18:15:17,951 - pipeline - INFO - STEP 4: TRAINING MODELS
2026-02-08 18:15:17,951 - pipeline - INFO - ================================================================================
2026-02-08 18:15:17,951 - pipeline - INFO - NOTE: Each model will use only its TOP 10 features
2026-02-08 18:15:17,951 - pipeline - INFO -   - Tree models: Include DomainAge_Squared
2026-02-08 18:15:17,951 - pipeline - INFO -   - Linear models: Exclude DomainAge_Squared
2026-02-08 18:15:17,951 - pipeline - INFO - ================================================================================
2026-02-08 18:15:17,951 - trainer - INFO - ================================================================================
2026-02-08 18:15:17,951 - trainer - INFO - TRAINING ALL ENABLED MODELS
2026-02-08 18:15:17,951 - trainer - INFO - ================================================================================
2026-02-08 18:15:17,951 - trainer - INFO - Enabled models: ['random_forest', 'gradient_boosting', 'logistic_regression', 'xgboost']
2026-02-08 18:15:17,951 - trainer - INFO - ================================================================================
2026-02-08 18:15:17,951 - trainer - INFO - Training random_forest
2026-02-08 18:15:17,951 - trainer - INFO - ================================================================================
2026-02-08 18:15:17,951 - preprocessor - INFO - random_forest (tree-based): Using top 10 features (includes DomainAge_Squared)
2026-02-08 18:15:17,951 - preprocessor - INFO -   Features selected: 10 (from 35 total)
2026-02-08 18:15:17,951 - preprocessor - INFO -   Selected features: ['HostingProvider_Encoded', 'HasExternalRefs', 'IsResponsive', 'DomainAgeMonths', 'DomainAge_Squared', 'Robots', 'TotalReferences', 'NoOfiFrame', 'NoOfExternalRef', 'NoOfSelfRef']
2026-02-08 18:15:17,952 - trainer - INFO - Feature set shape: (6252, 10)
2026-02-08 18:15:17,952 - trainer - INFO - Performing hyperparameter tuning (grid search)
2026-02-08 18:21:15,412 - trainer - INFO - Best parameters: {'max_depth': 20, 'max_features': 'sqrt', 'min_samples_leaf': 2, 'min_samples_split': 20, 'n_estimators': 300}
2026-02-08 18:21:15,412 - trainer - INFO - Best CV f1: 0.8218
2026-02-08 18:21:15,412 - trainer - INFO - Training completed in 357.46 seconds
2026-02-08 18:21:15,412 - trainer - INFO - ================================================================================

2026-02-08 18:21:15,412 - trainer - INFO - ================================================================================
2026-02-08 18:21:15,413 - trainer - INFO - Training gradient_boosting
2026-02-08 18:21:15,413 - trainer - INFO - ================================================================================
2026-02-08 18:21:15,413 - preprocessor - INFO - gradient_boosting (tree-based): Using top 10 features (includes DomainAge_Squared)
2026-02-08 18:21:15,414 - preprocessor - INFO -   Features selected: 10 (from 35 total)
2026-02-08 18:21:15,414 - preprocessor - INFO -   Selected features: ['HostingProvider_Encoded', 'HasExternalRefs', 'IsResponsive', 'DomainAgeMonths', 'DomainAge_Squared', 'Robots', 'TotalReferences', 'NoOfiFrame', 'NoOfExternalRef', 'NoOfSelfRef']
2026-02-08 18:21:15,414 - trainer - INFO - Feature set shape: (6252, 10)
2026-02-08 18:21:15,414 - trainer - INFO - Performing hyperparameter tuning (grid search)
2026-02-08 18:25:11,599 - trainer - INFO - Best parameters: {'learning_rate': 0.01, 'max_depth': 4, 'n_estimators': 500, 'subsample': 0.7}
2026-02-08 18:25:11,600 - trainer - INFO - Best CV f1: 0.8229
2026-02-08 18:25:11,600 - trainer - INFO - Training completed in 236.19 seconds
2026-02-08 18:25:11,601 - trainer - INFO - ================================================================================

2026-02-08 18:25:11,601 - trainer - INFO - ================================================================================
2026-02-08 18:25:11,601 - trainer - INFO - Training logistic_regression
2026-02-08 18:25:11,601 - trainer - INFO - ================================================================================
2026-02-08 18:25:11,601 - preprocessor - INFO - logistic_regression (linear): Using top 10 features (excludes DomainAge_Squared)
2026-02-08 18:25:11,601 - preprocessor - INFO -   Features selected: 10 (from 35 total)
2026-02-08 18:25:11,602 - preprocessor - INFO -   Selected features: ['HostingProvider_Encoded', 'HasExternalRefs', 'IsResponsive', 'DomainAgeMonths', 'Robots', 'TotalReferences', 'NoOfiFrame', 'NoOfExternalRef', 'NoOfSelfRef', 'HasPopups']
2026-02-08 18:25:11,602 - trainer - INFO - Feature set shape: (6252, 10)
2026-02-08 18:25:11,602 - trainer - INFO - Performing hyperparameter tuning (grid search)
2026-02-08 18:25:13,486 - trainer - INFO - Best parameters: {'C': 1.0, 'penalty': 'l1', 'solver': 'liblinear'}
2026-02-08 18:25:13,486 - trainer - INFO - Best CV f1: 0.8163
2026-02-08 18:25:13,486 - trainer - INFO - Training completed in 1.88 seconds
2026-02-08 18:25:13,486 - trainer - INFO - ================================================================================

2026-02-08 18:25:13,486 - trainer - INFO - ================================================================================
2026-02-08 18:25:13,486 - trainer - INFO - Training xgboost
2026-02-08 18:25:13,486 - trainer - INFO - ================================================================================
2026-02-08 18:25:13,486 - preprocessor - INFO - xgboost (tree-based): Using top 10 features (includes DomainAge_Squared)
2026-02-08 18:25:13,487 - preprocessor - INFO -   Features selected: 10 (from 35 total)
2026-02-08 18:25:13,487 - preprocessor - INFO -   Selected features: ['HostingProvider_Encoded', 'HasExternalRefs', 'IsResponsive', 'DomainAgeMonths', 'DomainAge_Squared', 'Robots', 'TotalReferences', 'NoOfiFrame', 'NoOfExternalRef', 'NoOfSelfRef']
2026-02-08 18:25:13,487 - trainer - INFO - Feature set shape: (6252, 10)
2026-02-08 18:25:13,487 - trainer - INFO - Performing hyperparameter tuning (grid search)
2026-02-08 18:26:20,887 - trainer - INFO - Best parameters: {'colsample_bytree': 0.9, 'learning_rate': 0.01, 'max_depth': 4, 'n_estimators': 700, 'subsample': 0.8}
2026-02-08 18:26:20,888 - trainer - INFO - Best CV f1: 0.8231
2026-02-08 18:26:20,888 - trainer - INFO - Training completed in 67.40 seconds
2026-02-08 18:26:20,888 - trainer - INFO - ================================================================================

2026-02-08 18:26:20,889 - trainer - INFO - ================================================================================
2026-02-08 18:26:20,889 - trainer - INFO - ALL MODELS TRAINED
2026-02-08 18:26:20,889 - trainer - INFO - ================================================================================
2026-02-08 18:26:20,890 - pipeline - INFO - 
Training Summary:
2026-02-08 18:26:20,893 - pipeline - INFO - 
                              model_name training_time cv_score_mean cv_score_std                                                                                                     best_params feature_count
xgboost                          xgboost     67.401437       0.82311       0.0139         {'colsample_bytree': 0.9, 'learning_rate': 0.01, 'max_depth': 4, 'n_estimators': 700, 'subsample': 0.8}            10
gradient_boosting      gradient_boosting     236.18681      0.822919     0.012495                                  {'learning_rate': 0.01, 'max_depth': 4, 'n_estimators': 500, 'subsample': 0.7}            10
random_forest              random_forest    357.460799      0.821828     0.013939  {'max_depth': 20, 'max_features': 'sqrt', 'min_samples_leaf': 2, 'min_samples_split': 20, 'n_estimators': 300}            10
logistic_regression  logistic_regression      1.884465      0.816342     0.011264                                                              {'C': 1.0, 'penalty': 'l1', 'solver': 'liblinear'}            10
2026-02-08 18:26:20,893 - pipeline - INFO - 
================================================================================
2026-02-08 18:26:20,893 - pipeline - INFO - STEP 5: EVALUATING MODELS
2026-02-08 18:26:20,893 - pipeline - INFO - ================================================================================
2026-02-08 18:26:20,893 - evaluator - INFO - ================================================================================
2026-02-08 18:26:20,893 - evaluator - INFO - EVALUATING ALL MODELS
2026-02-08 18:26:20,893 - evaluator - INFO - ================================================================================
2026-02-08 18:26:20,893 - preprocessor - INFO - random_forest (tree-based): Using top 10 features (includes DomainAge_Squared)
2026-02-08 18:26:20,894 - preprocessor - INFO -   Features selected: 10 (from 35 total)
2026-02-08 18:26:20,894 - preprocessor - INFO -   Selected features: ['HostingProvider_Encoded', 'HasExternalRefs', 'IsResponsive', 'DomainAgeMonths', 'DomainAge_Squared', 'Robots', 'TotalReferences', 'NoOfiFrame', 'NoOfExternalRef', 'NoOfSelfRef']
2026-02-08 18:26:20,940 - preprocessor - INFO - random_forest (tree-based): Using top 10 features (includes DomainAge_Squared)
2026-02-08 18:26:20,941 - preprocessor - INFO -   Features selected: 10 (from 35 total)
2026-02-08 18:26:20,941 - preprocessor - INFO -   Selected features: ['HostingProvider_Encoded', 'HasExternalRefs', 'IsResponsive', 'DomainAgeMonths', 'DomainAge_Squared', 'Robots', 'TotalReferences', 'NoOfiFrame', 'NoOfExternalRef', 'NoOfSelfRef']
2026-02-08 18:26:20,973 - evaluator - INFO - Evaluating random_forest
2026-02-08 18:26:20,980 - evaluator - INFO - random_forest Results:
2026-02-08 18:26:20,980 - evaluator - INFO -   Accuracy:  0.7907
2026-02-08 18:26:20,980 - evaluator - INFO -   Precision: 0.8027
2026-02-08 18:26:20,980 - evaluator - INFO -   Recall:    0.8215
2026-02-08 18:26:20,980 - evaluator - INFO -   F1 Score:  0.8120
2026-02-08 18:26:20,980 - evaluator - INFO -   ROC-AUC:   0.7915
2026-02-08 18:26:20,980 - preprocessor - INFO - gradient_boosting (tree-based): Using top 10 features (includes DomainAge_Squared)
2026-02-08 18:26:20,981 - preprocessor - INFO -   Features selected: 10 (from 35 total)
2026-02-08 18:26:20,981 - preprocessor - INFO -   Selected features: ['HostingProvider_Encoded', 'HasExternalRefs', 'IsResponsive', 'DomainAgeMonths', 'DomainAge_Squared', 'Robots', 'TotalReferences', 'NoOfiFrame', 'NoOfExternalRef', 'NoOfSelfRef']
2026-02-08 18:26:21,003 - preprocessor - INFO - gradient_boosting (tree-based): Using top 10 features (includes DomainAge_Squared)
2026-02-08 18:26:21,004 - preprocessor - INFO -   Features selected: 10 (from 35 total)
2026-02-08 18:26:21,004 - preprocessor - INFO -   Selected features: ['HostingProvider_Encoded', 'HasExternalRefs', 'IsResponsive', 'DomainAgeMonths', 'DomainAge_Squared', 'Robots', 'TotalReferences', 'NoOfiFrame', 'NoOfExternalRef', 'NoOfSelfRef']
2026-02-08 18:26:21,025 - evaluator - INFO - Evaluating gradient_boosting
2026-02-08 18:26:21,031 - evaluator - INFO - gradient_boosting Results:
2026-02-08 18:26:21,031 - evaluator - INFO -   Accuracy:  0.7916
2026-02-08 18:26:21,031 - evaluator - INFO -   Precision: 0.8030
2026-02-08 18:26:21,031 - evaluator - INFO -   Recall:    0.8232
2026-02-08 18:26:21,031 - evaluator - INFO -   F1 Score:  0.8130
2026-02-08 18:26:21,031 - evaluator - INFO -   ROC-AUC:   0.7953
2026-02-08 18:26:21,031 - preprocessor - INFO - logistic_regression (linear): Using top 10 features (excludes DomainAge_Squared)
2026-02-08 18:26:21,031 - preprocessor - INFO -   Features selected: 10 (from 35 total)
2026-02-08 18:26:21,032 - preprocessor - INFO -   Selected features: ['HostingProvider_Encoded', 'HasExternalRefs', 'IsResponsive', 'DomainAgeMonths', 'Robots', 'TotalReferences', 'NoOfiFrame', 'NoOfExternalRef', 'NoOfSelfRef', 'HasPopups']
2026-02-08 18:26:21,032 - preprocessor - INFO - logistic_regression (linear): Using top 10 features (excludes DomainAge_Squared)
2026-02-08 18:26:21,033 - preprocessor - INFO -   Features selected: 10 (from 35 total)
2026-02-08 18:26:21,033 - preprocessor - INFO -   Selected features: ['HostingProvider_Encoded', 'HasExternalRefs', 'IsResponsive', 'DomainAgeMonths', 'Robots', 'TotalReferences', 'NoOfiFrame', 'NoOfExternalRef', 'NoOfSelfRef', 'HasPopups']
2026-02-08 18:26:21,033 - evaluator - INFO - Evaluating logistic_regression
2026-02-08 18:26:21,038 - evaluator - INFO - logistic_regression Results:
2026-02-08 18:26:21,039 - evaluator - INFO -   Accuracy:  0.7792
2026-02-08 18:26:21,039 - evaluator - INFO -   Precision: 0.7896
2026-02-08 18:26:21,039 - evaluator - INFO -   Recall:    0.8163
2026-02-08 18:26:21,039 - evaluator - INFO -   F1 Score:  0.8027
2026-02-08 18:26:21,039 - evaluator - INFO -   ROC-AUC:   0.7960
2026-02-08 18:26:21,039 - preprocessor - INFO - xgboost (tree-based): Using top 10 features (includes DomainAge_Squared)
2026-02-08 18:26:21,040 - preprocessor - INFO -   Features selected: 10 (from 35 total)
2026-02-08 18:26:21,040 - preprocessor - INFO -   Selected features: ['HostingProvider_Encoded', 'HasExternalRefs', 'IsResponsive', 'DomainAgeMonths', 'DomainAge_Squared', 'Robots', 'TotalReferences', 'NoOfiFrame', 'NoOfExternalRef', 'NoOfSelfRef']
2026-02-08 18:26:21,066 - preprocessor - INFO - xgboost (tree-based): Using top 10 features (includes DomainAge_Squared)
2026-02-08 18:26:21,067 - preprocessor - INFO -   Features selected: 10 (from 35 total)
2026-02-08 18:26:21,068 - preprocessor - INFO -   Selected features: ['HostingProvider_Encoded', 'HasExternalRefs', 'IsResponsive', 'DomainAgeMonths', 'DomainAge_Squared', 'Robots', 'TotalReferences', 'NoOfiFrame', 'NoOfExternalRef', 'NoOfSelfRef']
2026-02-08 18:26:21,095 - evaluator - INFO - Evaluating xgboost
2026-02-08 18:26:21,101 - evaluator - INFO - xgboost Results:
2026-02-08 18:26:21,101 - evaluator - INFO -   Accuracy:  0.7926
2026-02-08 18:26:21,101 - evaluator - INFO -   Precision: 0.8034
2026-02-08 18:26:21,101 - evaluator - INFO -   Recall:    0.8250
2026-02-08 18:26:21,101 - evaluator - INFO -   F1 Score:  0.8140
2026-02-08 18:26:21,101 - evaluator - INFO -   ROC-AUC:   0.7935
2026-02-08 18:26:21,101 - evaluator - INFO - ================================================================================
2026-02-08 18:26:21,102 - evaluator - INFO - 
================================================================================
2026-02-08 18:26:21,102 - evaluator - INFO - MODEL COMPARISON
2026-02-08 18:26:21,102 - evaluator - INFO - ================================================================================
2026-02-08 18:26:21,103 - evaluator - INFO - 
              Model  Accuracy  Precision   Recall  F1 Score  ROC-AUC
            xgboost  0.792561   0.803376 0.824957  0.814023 0.793457
  gradient_boosting  0.791607   0.803043 0.823224  0.813008 0.795305
      random_forest  0.790653   0.802710 0.821490  0.811991 0.791479
logistic_regression  0.779208   0.789606 0.816291  0.802727 0.795953
2026-02-08 18:26:21,103 - pipeline - INFO - 
================================================================================
2026-02-08 18:26:21,103 - pipeline - INFO - STEP 6: SELECTING BEST MODEL
2026-02-08 18:26:21,103 - pipeline - INFO - ================================================================================
2026-02-08 18:26:21,104 - evaluator - INFO - 
Best model: xgboost (f1=0.8140)
2026-02-08 18:26:21,104 - pipeline - INFO - 
Best Model: xgboost
2026-02-08 18:26:21,104 - pipeline - INFO -   Accuracy:  0.7926
2026-02-08 18:26:21,104 - pipeline - INFO -   Precision: 0.8034
2026-02-08 18:26:21,104 - pipeline - INFO -   Recall:    0.8250
2026-02-08 18:26:21,104 - pipeline - INFO -   F1 Score:  0.8140
2026-02-08 18:26:21,104 - pipeline - INFO -   ROC-AUC:   0.7935
2026-02-08 18:26:21,104 - pipeline - INFO - 
================================================================================
2026-02-08 18:26:21,104 - pipeline - INFO - STEP 7: SAVING MODELS
2026-02-08 18:26:21,104 - pipeline - INFO - ================================================================================
2026-02-08 18:26:21,270 - trainer - INFO - Saved random_forest to /Users/geraldchan/Downloads/aiip8-GERALD_CHAN_WEIHENG_695B/src/outputs/models/random_forest.joblib
2026-02-08 18:26:21,291 - trainer - INFO - Saved gradient_boosting to /Users/geraldchan/Downloads/aiip8-GERALD_CHAN_WEIHENG_695B/src/outputs/models/gradient_boosting.joblib
2026-02-08 18:26:21,294 - trainer - INFO - Saved logistic_regression to /Users/geraldchan/Downloads/aiip8-GERALD_CHAN_WEIHENG_695B/src/outputs/models/logistic_regression.joblib
2026-02-08 18:26:21,306 - trainer - INFO - Saved xgboost to /Users/geraldchan/Downloads/aiip8-GERALD_CHAN_WEIHENG_695B/src/outputs/models/xgboost.joblib
2026-02-08 18:26:21,307 - preprocessor - INFO - Saved preprocessor to /Users/geraldchan/Downloads/aiip8-GERALD_CHAN_WEIHENG_695B/src/outputs/models/preprocessor.joblib
2026-02-08 18:26:21,307 - pipeline - INFO - 
================================================================================
2026-02-08 18:26:21,307 - pipeline - INFO - STEP 8: GENERATING EVALUATION REPORT
2026-02-08 18:26:21,307 - pipeline - INFO - ================================================================================
2026-02-08 18:26:21,307 - evaluator - INFO - Generating comprehensive evaluation report
2026-02-08 18:26:21,308 - evaluator - INFO - 
================================================================================
2026-02-08 18:26:21,308 - evaluator - INFO - MODEL COMPARISON
2026-02-08 18:26:21,308 - evaluator - INFO - ================================================================================
2026-02-08 18:26:21,309 - evaluator - INFO - 
              Model  Accuracy  Precision   Recall  F1 Score  ROC-AUC
            xgboost  0.792561   0.803376 0.824957  0.814023 0.793457
  gradient_boosting  0.791607   0.803043 0.823224  0.813008 0.795305
      random_forest  0.790653   0.802710 0.821490  0.811991 0.791479
logistic_regression  0.779208   0.789606 0.816291  0.802727 0.795953
2026-02-08 18:26:21,314 - evaluator - INFO - Saved model comparison to /Users/geraldchan/Downloads/aiip8-GERALD_CHAN_WEIHENG_695B/src/outputs/results/model_comparison.csv
2026-02-08 18:26:21,314 - evaluator - INFO - Results saved successfully
2026-02-08 18:26:21,696 - evaluator - INFO - Saved confusion matrix to /Users/geraldchan/Downloads/aiip8-GERALD_CHAN_WEIHENG_695B/src/outputs/results/confusion_matrix_random_forest.png
2026-02-08 18:26:21,955 - evaluator - INFO - Saved ROC curve to /Users/geraldchan/Downloads/aiip8-GERALD_CHAN_WEIHENG_695B/src/outputs/results/roc_curve_random_forest.png
2026-02-08 18:26:22,272 - evaluator - INFO - Saved feature importance to /Users/geraldchan/Downloads/aiip8-GERALD_CHAN_WEIHENG_695B/src/outputs/results/feature_importance_random_forest.png
2026-02-08 18:26:22,276 - evaluator - INFO - 
Classification Report - random_forest:
2026-02-08 18:26:22,276 - evaluator - INFO - 
              precision    recall  f1-score   support

    Phishing       0.78      0.75      0.76       943
  Legitimate       0.80      0.82      0.81      1154

    accuracy                           0.79      2097
   macro avg       0.79      0.79      0.79      2097
weighted avg       0.79      0.79      0.79      2097

2026-02-08 18:26:22,508 - evaluator - INFO - Saved confusion matrix to /Users/geraldchan/Downloads/aiip8-GERALD_CHAN_WEIHENG_695B/src/outputs/results/confusion_matrix_gradient_boosting.png
2026-02-08 18:26:22,765 - evaluator - INFO - Saved ROC curve to /Users/geraldchan/Downloads/aiip8-GERALD_CHAN_WEIHENG_695B/src/outputs/results/roc_curve_gradient_boosting.png
2026-02-08 18:26:23,034 - evaluator - INFO - Saved feature importance to /Users/geraldchan/Downloads/aiip8-GERALD_CHAN_WEIHENG_695B/src/outputs/results/feature_importance_gradient_boosting.png
2026-02-08 18:26:23,038 - evaluator - INFO - 
Classification Report - gradient_boosting:
2026-02-08 18:26:23,038 - evaluator - INFO - 
              precision    recall  f1-score   support

    Phishing       0.78      0.75      0.76       943
  Legitimate       0.80      0.82      0.81      1154

    accuracy                           0.79      2097
   macro avg       0.79      0.79      0.79      2097
weighted avg       0.79      0.79      0.79      2097

2026-02-08 18:26:23,271 - evaluator - INFO - Saved confusion matrix to /Users/geraldchan/Downloads/aiip8-GERALD_CHAN_WEIHENG_695B/src/outputs/results/confusion_matrix_logistic_regression.png
2026-02-08 18:26:23,529 - evaluator - INFO - Saved ROC curve to /Users/geraldchan/Downloads/aiip8-GERALD_CHAN_WEIHENG_695B/src/outputs/results/roc_curve_logistic_regression.png
2026-02-08 18:26:23,533 - evaluator - INFO - 
Classification Report - logistic_regression:
2026-02-08 18:26:23,533 - evaluator - INFO - 
              precision    recall  f1-score   support

    Phishing       0.77      0.73      0.75       943
  Legitimate       0.79      0.82      0.80      1154

    accuracy                           0.78      2097
   macro avg       0.78      0.78      0.78      2097
weighted avg       0.78      0.78      0.78      2097

2026-02-08 18:26:23,764 - evaluator - INFO - Saved confusion matrix to /Users/geraldchan/Downloads/aiip8-GERALD_CHAN_WEIHENG_695B/src/outputs/results/confusion_matrix_xgboost.png
2026-02-08 18:26:24,023 - evaluator - INFO - Saved ROC curve to /Users/geraldchan/Downloads/aiip8-GERALD_CHAN_WEIHENG_695B/src/outputs/results/roc_curve_xgboost.png
2026-02-08 18:26:24,283 - evaluator - INFO - Saved feature importance to /Users/geraldchan/Downloads/aiip8-GERALD_CHAN_WEIHENG_695B/src/outputs/results/feature_importance_xgboost.png
2026-02-08 18:26:24,287 - evaluator - INFO - 
Classification Report - xgboost:
2026-02-08 18:26:24,287 - evaluator - INFO - 
              precision    recall  f1-score   support

    Phishing       0.78      0.75      0.77       943
  Legitimate       0.80      0.82      0.81      1154

    accuracy                           0.79      2097
   macro avg       0.79      0.79      0.79      2097
weighted avg       0.79      0.79      0.79      2097

2026-02-08 18:26:24,287 - evaluator - INFO - Evaluation report saved to /Users/geraldchan/Downloads/aiip8-GERALD_CHAN_WEIHENG_695B/src/outputs/results
2026-02-08 18:26:24,288 - pipeline - ERROR - Pipeline failed with error: Object of type int64 is not JSON serializable
2026-02-08 18:26:24,288 - pipeline - ERROR - Full traceback:
Traceback (most recent call last):
  File "/Users/geraldchan/Downloads/aiip8-GERALD_CHAN_WEIHENG_695B/src/pipeline.py", line 220, in run
    json.dump(serializable_results, f, indent=2)
  File "/opt/anaconda3/lib/python3.12/json/__init__.py", line 179, in dump
    for chunk in iterable:
  File "/opt/anaconda3/lib/python3.12/json/encoder.py", line 432, in _iterencode
    yield from _iterencode_dict(o, _current_indent_level)
  File "/opt/anaconda3/lib/python3.12/json/encoder.py", line 406, in _iterencode_dict
    yield from chunks
  File "/opt/anaconda3/lib/python3.12/json/encoder.py", line 406, in _iterencode_dict
    yield from chunks
  File "/opt/anaconda3/lib/python3.12/json/encoder.py", line 439, in _iterencode
    o = _default(o)
        ^^^^^^^^^^^
  File "/opt/anaconda3/lib/python3.12/json/encoder.py", line 180, in default
    raise TypeError(f'Object of type {o.__class__.__name__} '
TypeError: Object of type int64 is not JSON serializable
2026-02-08 18:26:24,290 - root - ERROR - Pipeline failed with exception:
Traceback (most recent call last):
  File "/Users/geraldchan/Downloads/aiip8-GERALD_CHAN_WEIHENG_695B/src/run.py", line 119, in main
    results = pipeline.run()
              ^^^^^^^^^^^^^^
  File "/Users/geraldchan/Downloads/aiip8-GERALD_CHAN_WEIHENG_695B/src/pipeline.py", line 220, in run
    json.dump(serializable_results, f, indent=2)
  File "/opt/anaconda3/lib/python3.12/json/__init__.py", line 179, in dump
    for chunk in iterable:
  File "/opt/anaconda3/lib/python3.12/json/encoder.py", line 432, in _iterencode
    yield from _iterencode_dict(o, _current_indent_level)
  File "/opt/anaconda3/lib/python3.12/json/encoder.py", line 406, in _iterencode_dict
    yield from chunks
  File "/opt/anaconda3/lib/python3.12/json/encoder.py", line 406, in _iterencode_dict
    yield from chunks
  File "/opt/anaconda3/lib/python3.12/json/encoder.py", line 439, in _iterencode
    o = _default(o)
        ^^^^^^^^^^^
  File "/opt/anaconda3/lib/python3.12/json/encoder.py", line 180, in default
    raise TypeError(f'Object of type {o.__class__.__name__} '
TypeError: Object of type int64 is not JSON serializable
2026-02-08 18:47:21,075 - pipeline - INFO - ================================================================================
2026-02-08 18:47:21,075 - pipeline - INFO - PHISHING DETECTION ML PIPELINE - START
2026-02-08 18:47:21,076 - pipeline - INFO - ================================================================================
2026-02-08 18:47:21,076 - pipeline - INFO - 
================================================================================
2026-02-08 18:47:21,076 - pipeline - INFO - STEP 1: LOADING DATA
2026-02-08 18:47:21,076 - pipeline - INFO - ================================================================================
2026-02-08 18:47:21,076 - data_loader - INFO - Loading data from /Users/geraldchan/Downloads/aiip8-GERALD_CHAN_WEIHENG_695B/src/data/phishing.db
2026-02-08 18:47:21,117 - data_loader - INFO - Loaded 10500 records from database
2026-02-08 18:47:21,117 - data_loader - INFO - Features: 16 columns
2026-02-08 18:47:21,118 - data_loader - INFO - Target distribution:
label
1    5779
0    4721
Name: count, dtype: int64
2026-02-08 18:47:21,122 - pipeline - INFO - Dataset summary: {'total_samples': 10500, 'n_features': 15, 'n_phishing': 4721, 'n_legitimate': 5779, 'phishing_percentage': 44.96190476190476, 'legitimate_percentage': 55.03809523809524, 'missing_values': 2355, 'duplicate_rows': 0}
2026-02-08 18:47:21,122 - pipeline - INFO - 
================================================================================
2026-02-08 18:47:21,122 - pipeline - INFO - STEP 2: SPLITTING DATA
2026-02-08 18:47:21,122 - pipeline - INFO - ================================================================================
2026-02-08 18:47:21,122 - data_loader - INFO - Splitting data into train/val/test sets
2026-02-08 18:47:21,129 - data_loader - INFO - Training set: 6300 samples (60.0%)
2026-02-08 18:47:21,129 - data_loader - INFO -   Class distribution: {1: 3467, 0: 2833}
2026-02-08 18:47:21,129 - data_loader - INFO - Validation set: 2100 samples (20.0%)
2026-02-08 18:47:21,129 - data_loader - INFO -   Class distribution: {1: 1156, 0: 944}
2026-02-08 18:47:21,130 - data_loader - INFO - Test set: 2100 samples (20.0%)
2026-02-08 18:47:21,130 - data_loader - INFO -   Class distribution: {1: 1156, 0: 944}
2026-02-08 18:47:21,130 - pipeline - INFO - 
================================================================================
2026-02-08 18:47:21,130 - pipeline - INFO - STEP 3: PREPROCESSING DATA
2026-02-08 18:47:21,130 - pipeline - INFO - ================================================================================
2026-02-08 18:47:21,130 - pipeline - INFO - Processing training data (fit + transform)...
2026-02-08 18:47:21,130 - preprocessor - INFO - === Fitting and transforming training data ===
2026-02-08 18:47:21,130 - preprocessor - INFO - Cleaning data
2026-02-08 18:47:21,131 - preprocessor - INFO - Dropped 1 unnamed column(s): ['Unnamed: 0']
2026-02-08 18:47:21,132 - preprocessor - INFO - Fixed duplicate 'eCommerce' categories in Industry
2026-02-08 18:47:21,134 - preprocessor - WARNING - Removed 48 duplicate rows
2026-02-08 18:47:21,135 - preprocessor - INFO - Handling missing values
2026-02-08 18:47:21,135 - preprocessor - INFO - Created LineOfCode_IsMissing indicator: 1408 missing values
2026-02-08 18:47:21,136 - preprocessor - INFO - Fitted LineOfCode median: 629.0
2026-02-08 18:47:21,137 - preprocessor - INFO - Imputed LineOfCode missing values with median: 629.0
2026-02-08 18:47:21,137 - preprocessor - INFO - Handling outliers with feature-specific strategies
2026-02-08 18:47:21,139 - preprocessor - INFO - Conservative clip LargestLineLength: [-23438.00, 31660.75] (3×IQR)
2026-02-08 18:47:21,140 - preprocessor - INFO - Protecting NoOfURLRedirect - no outlier treatment (phishing indicator)
2026-02-08 18:47:21,140 - preprocessor - INFO - Protecting NoOfSelfRedirect - no outlier treatment (phishing indicator)
2026-02-08 18:47:21,140 - preprocessor - INFO - Protecting NoOfPopup - no outlier treatment (phishing indicator)
2026-02-08 18:47:21,140 - preprocessor - INFO - Protecting NoOfiFrame - no outlier treatment (phishing indicator)
2026-02-08 18:47:21,140 - preprocessor - INFO - Extreme clip NoOfImage: upper bound = 292.98 (99th percentile)
2026-02-08 18:47:21,141 - preprocessor - INFO - Conservative clip NoOfSelfRef: [-261.00, 348.00] (3×IQR)
2026-02-08 18:47:21,142 - preprocessor - INFO - Conservative clip NoOfExternalRef: [-167.00, 225.00] (3×IQR)
2026-02-08 18:47:21,146 - preprocessor - INFO - Engineering features
2026-02-08 18:47:21,147 - preprocessor - INFO - Created 4 binary flag features
2026-02-08 18:47:21,148 - preprocessor - INFO - Created 2 ratio features
2026-02-08 18:47:21,148 - preprocessor - INFO - Created 2 aggregation features
2026-02-08 18:47:21,149 - preprocessor - INFO - Created 2 log-transformed features
2026-02-08 18:47:21,149 - preprocessor - INFO - Created DomainAge_Squared (will be excluded for linear models)
2026-02-08 18:47:21,152 - preprocessor - WARNING - Replaced inf/NaN values with 0 in engineered features
2026-02-08 18:47:21,152 - preprocessor - INFO - Encoding categorical features
2026-02-08 18:47:21,154 - preprocessor - INFO - One-hot encoded Industry: 10 features
2026-02-08 18:47:21,155 - preprocessor - INFO - Target encoded HostingProvider: 13 categories
2026-02-08 18:47:21,156 - preprocessor - INFO - Scaling features using robust
2026-02-08 18:47:21,166 - preprocessor - INFO - Fitted and transformed 25 numerical features
2026-02-08 18:47:21,166 - preprocessor - INFO - Preprocessing complete. Final shape: (6252, 36)
2026-02-08 18:47:21,166 - preprocessor - INFO - Split features and target: X shape = (6252, 35), y shape = (6252,)
2026-02-08 18:47:21,166 - pipeline - INFO - Processing validation data (transform only)...
2026-02-08 18:47:21,166 - preprocessor - INFO - === Transforming test/validation data ===
2026-02-08 18:47:21,166 - preprocessor - INFO - Cleaning data
2026-02-08 18:47:21,167 - preprocessor - INFO - Dropped 1 unnamed column(s): ['Unnamed: 0']
2026-02-08 18:47:21,167 - preprocessor - INFO - Fixed duplicate 'eCommerce' categories in Industry
2026-02-08 18:47:21,169 - preprocessor - WARNING - Removed 4 duplicate rows
2026-02-08 18:47:21,169 - preprocessor - INFO - Handling missing values
2026-02-08 18:47:21,169 - preprocessor - INFO - Created LineOfCode_IsMissing indicator: 472 missing values
2026-02-08 18:47:21,169 - preprocessor - INFO - Imputed LineOfCode missing values with median: 629.0
2026-02-08 18:47:21,169 - preprocessor - INFO - Handling outliers with feature-specific strategies
2026-02-08 18:47:21,170 - preprocessor - INFO - Protecting NoOfURLRedirect - no outlier treatment (phishing indicator)
2026-02-08 18:47:21,170 - preprocessor - INFO - Protecting NoOfSelfRedirect - no outlier treatment (phishing indicator)
2026-02-08 18:47:21,170 - preprocessor - INFO - Protecting NoOfPopup - no outlier treatment (phishing indicator)
2026-02-08 18:47:21,170 - preprocessor - INFO - Protecting NoOfiFrame - no outlier treatment (phishing indicator)
2026-02-08 18:47:21,173 - preprocessor - INFO - Engineering features
2026-02-08 18:47:21,174 - preprocessor - INFO - Created 4 binary flag features
2026-02-08 18:47:21,174 - preprocessor - INFO - Created 2 ratio features
2026-02-08 18:47:21,174 - preprocessor - INFO - Created 2 aggregation features
2026-02-08 18:47:21,175 - preprocessor - INFO - Created 2 log-transformed features
2026-02-08 18:47:21,175 - preprocessor - INFO - Created DomainAge_Squared (will be excluded for linear models)
2026-02-08 18:47:21,176 - preprocessor - WARNING - Replaced inf/NaN values with 0 in engineered features
2026-02-08 18:47:21,176 - preprocessor - INFO - Encoding categorical features
2026-02-08 18:47:21,178 - preprocessor - INFO - Scaling features using robust
2026-02-08 18:47:21,180 - preprocessor - INFO - Transformed 25 numerical features
2026-02-08 18:47:21,180 - preprocessor - INFO - Preprocessing complete. Final shape: (2096, 36)
2026-02-08 18:47:21,181 - preprocessor - INFO - Split features and target: X shape = (2096, 35), y shape = (2096,)
2026-02-08 18:47:21,181 - pipeline - INFO - Processing test data (transform only)...
2026-02-08 18:47:21,181 - preprocessor - INFO - === Transforming test/validation data ===
2026-02-08 18:47:21,181 - preprocessor - INFO - Cleaning data
2026-02-08 18:47:21,181 - preprocessor - INFO - Dropped 1 unnamed column(s): ['Unnamed: 0']
2026-02-08 18:47:21,181 - preprocessor - INFO - Fixed duplicate 'eCommerce' categories in Industry
2026-02-08 18:47:21,183 - preprocessor - WARNING - Removed 3 duplicate rows
2026-02-08 18:47:21,183 - preprocessor - INFO - Handling missing values
2026-02-08 18:47:21,183 - preprocessor - INFO - Created LineOfCode_IsMissing indicator: 452 missing values
2026-02-08 18:47:21,183 - preprocessor - INFO - Imputed LineOfCode missing values with median: 629.0
2026-02-08 18:47:21,183 - preprocessor - INFO - Handling outliers with feature-specific strategies
2026-02-08 18:47:21,184 - preprocessor - INFO - Protecting NoOfURLRedirect - no outlier treatment (phishing indicator)
2026-02-08 18:47:21,185 - preprocessor - INFO - Protecting NoOfSelfRedirect - no outlier treatment (phishing indicator)
2026-02-08 18:47:21,185 - preprocessor - INFO - Protecting NoOfPopup - no outlier treatment (phishing indicator)
2026-02-08 18:47:21,185 - preprocessor - INFO - Protecting NoOfiFrame - no outlier treatment (phishing indicator)
2026-02-08 18:47:21,187 - preprocessor - INFO - Engineering features
2026-02-08 18:47:21,188 - preprocessor - INFO - Created 4 binary flag features
2026-02-08 18:47:21,188 - preprocessor - INFO - Created 2 ratio features
2026-02-08 18:47:21,188 - preprocessor - INFO - Created 2 aggregation features
2026-02-08 18:47:21,189 - preprocessor - INFO - Created 2 log-transformed features
2026-02-08 18:47:21,189 - preprocessor - INFO - Created DomainAge_Squared (will be excluded for linear models)
2026-02-08 18:47:21,190 - preprocessor - WARNING - Replaced inf/NaN values with 0 in engineered features
2026-02-08 18:47:21,190 - preprocessor - INFO - Encoding categorical features
2026-02-08 18:47:21,192 - preprocessor - INFO - Scaling features using robust
2026-02-08 18:47:21,194 - preprocessor - INFO - Transformed 25 numerical features
2026-02-08 18:47:21,194 - preprocessor - INFO - Preprocessing complete. Final shape: (2097, 36)
2026-02-08 18:47:21,194 - preprocessor - INFO - Split features and target: X shape = (2097, 35), y shape = (2097,)
2026-02-08 18:47:21,194 - pipeline - INFO - Processed shapes - Train: (6252, 35), Val: (2096, 35), Test: (2097, 35)
2026-02-08 18:47:21,194 - pipeline - INFO - 
================================================================================
2026-02-08 18:47:21,195 - pipeline - INFO - STEP 4: TRAINING MODELS
2026-02-08 18:47:21,195 - pipeline - INFO - ================================================================================
2026-02-08 18:47:21,195 - pipeline - INFO - NOTE: Each model will use only its TOP 10 features
2026-02-08 18:47:21,195 - pipeline - INFO -   - Tree models: Include DomainAge_Squared
2026-02-08 18:47:21,195 - pipeline - INFO -   - Linear models: Exclude DomainAge_Squared
2026-02-08 18:47:21,195 - pipeline - INFO - ================================================================================
2026-02-08 18:47:21,195 - trainer - INFO - ================================================================================
2026-02-08 18:47:21,195 - trainer - INFO - TRAINING ALL ENABLED MODELS
2026-02-08 18:47:21,195 - trainer - INFO - ================================================================================
2026-02-08 18:47:21,195 - trainer - INFO - Enabled models: ['random_forest', 'gradient_boosting', 'logistic_regression', 'xgboost']
2026-02-08 18:47:21,195 - trainer - INFO - ================================================================================
2026-02-08 18:47:21,195 - trainer - INFO - Training random_forest
2026-02-08 18:47:21,195 - trainer - INFO - ================================================================================
2026-02-08 18:47:21,195 - preprocessor - INFO - random_forest (tree-based): Using top 10 features (includes DomainAge_Squared)
2026-02-08 18:47:21,195 - preprocessor - INFO -   Features selected: 10 (from 35 total)
2026-02-08 18:47:21,195 - preprocessor - INFO -   Selected features: ['HostingProvider_Encoded', 'HasExternalRefs', 'IsResponsive', 'DomainAgeMonths', 'DomainAge_Squared', 'Robots', 'TotalReferences', 'NoOfiFrame', 'NoOfExternalRef', 'NoOfSelfRef']
2026-02-08 18:47:21,195 - trainer - INFO - Feature set shape: (6252, 10)
2026-02-08 18:47:21,195 - trainer - INFO - Performing hyperparameter tuning (grid search)
2026-02-08 18:53:18,819 - trainer - INFO - Best parameters: {'max_depth': 20, 'max_features': 'sqrt', 'min_samples_leaf': 2, 'min_samples_split': 20, 'n_estimators': 300}
2026-02-08 18:53:18,819 - trainer - INFO - Best CV f1: 0.8218
2026-02-08 18:53:18,820 - trainer - INFO - Training completed in 357.62 seconds
2026-02-08 18:53:18,820 - trainer - INFO - ================================================================================

2026-02-08 18:53:18,820 - trainer - INFO - ================================================================================
2026-02-08 18:53:18,820 - trainer - INFO - Training gradient_boosting
2026-02-08 18:53:18,820 - trainer - INFO - ================================================================================
2026-02-08 18:53:18,820 - preprocessor - INFO - gradient_boosting (tree-based): Using top 10 features (includes DomainAge_Squared)
2026-02-08 18:53:18,821 - preprocessor - INFO -   Features selected: 10 (from 35 total)
2026-02-08 18:53:18,821 - preprocessor - INFO -   Selected features: ['HostingProvider_Encoded', 'HasExternalRefs', 'IsResponsive', 'DomainAgeMonths', 'DomainAge_Squared', 'Robots', 'TotalReferences', 'NoOfiFrame', 'NoOfExternalRef', 'NoOfSelfRef']
2026-02-08 18:53:18,821 - trainer - INFO - Feature set shape: (6252, 10)
2026-02-08 18:53:18,821 - trainer - INFO - Performing hyperparameter tuning (grid search)
2026-02-08 18:57:15,198 - trainer - INFO - Best parameters: {'learning_rate': 0.01, 'max_depth': 4, 'n_estimators': 500, 'subsample': 0.7}
2026-02-08 18:57:15,198 - trainer - INFO - Best CV f1: 0.8229
2026-02-08 18:57:15,198 - trainer - INFO - Training completed in 236.38 seconds
2026-02-08 18:57:15,198 - trainer - INFO - ================================================================================

2026-02-08 18:57:15,198 - trainer - INFO - ================================================================================
2026-02-08 18:57:15,198 - trainer - INFO - Training logistic_regression
2026-02-08 18:57:15,198 - trainer - INFO - ================================================================================
2026-02-08 18:57:15,198 - preprocessor - INFO - logistic_regression (linear): Using top 10 features (excludes DomainAge_Squared)
2026-02-08 18:57:15,199 - preprocessor - INFO -   Features selected: 10 (from 35 total)
2026-02-08 18:57:15,199 - preprocessor - INFO -   Selected features: ['HostingProvider_Encoded', 'HasExternalRefs', 'IsResponsive', 'DomainAgeMonths', 'Robots', 'TotalReferences', 'NoOfiFrame', 'NoOfExternalRef', 'NoOfSelfRef', 'HasPopups']
2026-02-08 18:57:15,199 - trainer - INFO - Feature set shape: (6252, 10)
2026-02-08 18:57:15,199 - trainer - INFO - Performing hyperparameter tuning (grid search)
2026-02-08 18:57:17,110 - trainer - INFO - Best parameters: {'C': 1.0, 'penalty': 'l1', 'solver': 'liblinear'}
2026-02-08 18:57:17,110 - trainer - INFO - Best CV f1: 0.8163
2026-02-08 18:57:17,110 - trainer - INFO - Training completed in 1.91 seconds
2026-02-08 18:57:17,110 - trainer - INFO - ================================================================================

2026-02-08 18:57:17,110 - trainer - INFO - ================================================================================
2026-02-08 18:57:17,110 - trainer - INFO - Training xgboost
2026-02-08 18:57:17,110 - trainer - INFO - ================================================================================
2026-02-08 18:57:17,110 - preprocessor - INFO - xgboost (tree-based): Using top 10 features (includes DomainAge_Squared)
2026-02-08 18:57:17,111 - preprocessor - INFO -   Features selected: 10 (from 35 total)
2026-02-08 18:57:17,111 - preprocessor - INFO -   Selected features: ['HostingProvider_Encoded', 'HasExternalRefs', 'IsResponsive', 'DomainAgeMonths', 'DomainAge_Squared', 'Robots', 'TotalReferences', 'NoOfiFrame', 'NoOfExternalRef', 'NoOfSelfRef']
2026-02-08 18:57:17,111 - trainer - INFO - Feature set shape: (6252, 10)
2026-02-08 18:57:17,111 - trainer - INFO - Performing hyperparameter tuning (grid search)
2026-02-08 18:58:24,360 - trainer - INFO - Best parameters: {'colsample_bytree': 0.9, 'learning_rate': 0.01, 'max_depth': 4, 'n_estimators': 700, 'subsample': 0.8}
2026-02-08 18:58:24,361 - trainer - INFO - Best CV f1: 0.8231
2026-02-08 18:58:24,361 - trainer - INFO - Training completed in 67.25 seconds
2026-02-08 18:58:24,361 - trainer - INFO - ================================================================================

2026-02-08 18:58:24,361 - trainer - INFO - ================================================================================
2026-02-08 18:58:24,362 - trainer - INFO - ALL MODELS TRAINED
2026-02-08 18:58:24,362 - trainer - INFO - ================================================================================
2026-02-08 18:58:24,363 - pipeline - INFO - 
Training Summary:
2026-02-08 18:58:24,366 - pipeline - INFO - 
                              model_name training_time cv_score_mean cv_score_std                                                                                                     best_params feature_count
xgboost                          xgboost     67.250588       0.82311       0.0139         {'colsample_bytree': 0.9, 'learning_rate': 0.01, 'max_depth': 4, 'n_estimators': 700, 'subsample': 0.8}            10
gradient_boosting      gradient_boosting    236.377369      0.822919     0.012495                                  {'learning_rate': 0.01, 'max_depth': 4, 'n_estimators': 500, 'subsample': 0.7}            10
random_forest              random_forest    357.624086      0.821828     0.013939  {'max_depth': 20, 'max_features': 'sqrt', 'min_samples_leaf': 2, 'min_samples_split': 20, 'n_estimators': 300}            10
logistic_regression  logistic_regression      1.910561      0.816342     0.011264                                                              {'C': 1.0, 'penalty': 'l1', 'solver': 'liblinear'}            10
2026-02-08 18:58:24,366 - pipeline - INFO - 
================================================================================
2026-02-08 18:58:24,366 - pipeline - INFO - STEP 5: EVALUATING MODELS
2026-02-08 18:58:24,366 - pipeline - INFO - ================================================================================
2026-02-08 18:58:24,366 - evaluator - INFO - ================================================================================
2026-02-08 18:58:24,366 - evaluator - INFO - EVALUATING ALL MODELS
2026-02-08 18:58:24,366 - evaluator - INFO - ================================================================================
2026-02-08 18:58:24,367 - preprocessor - INFO - random_forest (tree-based): Using top 10 features (includes DomainAge_Squared)
2026-02-08 18:58:24,367 - preprocessor - INFO -   Features selected: 10 (from 35 total)
2026-02-08 18:58:24,367 - preprocessor - INFO -   Selected features: ['HostingProvider_Encoded', 'HasExternalRefs', 'IsResponsive', 'DomainAgeMonths', 'DomainAge_Squared', 'Robots', 'TotalReferences', 'NoOfiFrame', 'NoOfExternalRef', 'NoOfSelfRef']
2026-02-08 18:58:24,416 - preprocessor - INFO - random_forest (tree-based): Using top 10 features (includes DomainAge_Squared)
2026-02-08 18:58:24,417 - preprocessor - INFO -   Features selected: 10 (from 35 total)
2026-02-08 18:58:24,417 - preprocessor - INFO -   Selected features: ['HostingProvider_Encoded', 'HasExternalRefs', 'IsResponsive', 'DomainAgeMonths', 'DomainAge_Squared', 'Robots', 'TotalReferences', 'NoOfiFrame', 'NoOfExternalRef', 'NoOfSelfRef']
2026-02-08 18:58:24,461 - evaluator - INFO - Evaluating random_forest
2026-02-08 18:58:24,468 - evaluator - INFO - random_forest Results:
2026-02-08 18:58:24,468 - evaluator - INFO -   Accuracy:  0.7907
2026-02-08 18:58:24,468 - evaluator - INFO -   Precision: 0.8027
2026-02-08 18:58:24,468 - evaluator - INFO -   Recall:    0.8215
2026-02-08 18:58:24,468 - evaluator - INFO -   F1 Score:  0.8120
2026-02-08 18:58:24,468 - evaluator - INFO -   ROC-AUC:   0.7915
2026-02-08 18:58:24,468 - preprocessor - INFO - gradient_boosting (tree-based): Using top 10 features (includes DomainAge_Squared)
2026-02-08 18:58:24,469 - preprocessor - INFO -   Features selected: 10 (from 35 total)
2026-02-08 18:58:24,469 - preprocessor - INFO -   Selected features: ['HostingProvider_Encoded', 'HasExternalRefs', 'IsResponsive', 'DomainAgeMonths', 'DomainAge_Squared', 'Robots', 'TotalReferences', 'NoOfiFrame', 'NoOfExternalRef', 'NoOfSelfRef']
2026-02-08 18:58:24,491 - preprocessor - INFO - gradient_boosting (tree-based): Using top 10 features (includes DomainAge_Squared)
2026-02-08 18:58:24,492 - preprocessor - INFO -   Features selected: 10 (from 35 total)
2026-02-08 18:58:24,492 - preprocessor - INFO -   Selected features: ['HostingProvider_Encoded', 'HasExternalRefs', 'IsResponsive', 'DomainAgeMonths', 'DomainAge_Squared', 'Robots', 'TotalReferences', 'NoOfiFrame', 'NoOfExternalRef', 'NoOfSelfRef']
2026-02-08 18:58:24,514 - evaluator - INFO - Evaluating gradient_boosting
2026-02-08 18:58:24,520 - evaluator - INFO - gradient_boosting Results:
2026-02-08 18:58:24,520 - evaluator - INFO -   Accuracy:  0.7916
2026-02-08 18:58:24,520 - evaluator - INFO -   Precision: 0.8030
2026-02-08 18:58:24,520 - evaluator - INFO -   Recall:    0.8232
2026-02-08 18:58:24,520 - evaluator - INFO -   F1 Score:  0.8130
2026-02-08 18:58:24,520 - evaluator - INFO -   ROC-AUC:   0.7953
2026-02-08 18:58:24,520 - preprocessor - INFO - logistic_regression (linear): Using top 10 features (excludes DomainAge_Squared)
2026-02-08 18:58:24,520 - preprocessor - INFO -   Features selected: 10 (from 35 total)
2026-02-08 18:58:24,520 - preprocessor - INFO -   Selected features: ['HostingProvider_Encoded', 'HasExternalRefs', 'IsResponsive', 'DomainAgeMonths', 'Robots', 'TotalReferences', 'NoOfiFrame', 'NoOfExternalRef', 'NoOfSelfRef', 'HasPopups']
2026-02-08 18:58:24,521 - preprocessor - INFO - logistic_regression (linear): Using top 10 features (excludes DomainAge_Squared)
2026-02-08 18:58:24,522 - preprocessor - INFO -   Features selected: 10 (from 35 total)
2026-02-08 18:58:24,522 - preprocessor - INFO -   Selected features: ['HostingProvider_Encoded', 'HasExternalRefs', 'IsResponsive', 'DomainAgeMonths', 'Robots', 'TotalReferences', 'NoOfiFrame', 'NoOfExternalRef', 'NoOfSelfRef', 'HasPopups']
2026-02-08 18:58:24,522 - evaluator - INFO - Evaluating logistic_regression
2026-02-08 18:58:24,531 - evaluator - INFO - logistic_regression Results:
2026-02-08 18:58:24,531 - evaluator - INFO -   Accuracy:  0.7792
2026-02-08 18:58:24,531 - evaluator - INFO -   Precision: 0.7896
2026-02-08 18:58:24,531 - evaluator - INFO -   Recall:    0.8163
2026-02-08 18:58:24,531 - evaluator - INFO -   F1 Score:  0.8027
2026-02-08 18:58:24,531 - evaluator - INFO -   ROC-AUC:   0.7960
2026-02-08 18:58:24,531 - preprocessor - INFO - xgboost (tree-based): Using top 10 features (includes DomainAge_Squared)
2026-02-08 18:58:24,552 - preprocessor - INFO -   Features selected: 10 (from 35 total)
2026-02-08 18:58:24,552 - preprocessor - INFO -   Selected features: ['HostingProvider_Encoded', 'HasExternalRefs', 'IsResponsive', 'DomainAgeMonths', 'DomainAge_Squared', 'Robots', 'TotalReferences', 'NoOfiFrame', 'NoOfExternalRef', 'NoOfSelfRef']
2026-02-08 18:58:24,570 - preprocessor - INFO - xgboost (tree-based): Using top 10 features (includes DomainAge_Squared)
2026-02-08 18:58:24,571 - preprocessor - INFO -   Features selected: 10 (from 35 total)
2026-02-08 18:58:24,571 - preprocessor - INFO -   Selected features: ['HostingProvider_Encoded', 'HasExternalRefs', 'IsResponsive', 'DomainAgeMonths', 'DomainAge_Squared', 'Robots', 'TotalReferences', 'NoOfiFrame', 'NoOfExternalRef', 'NoOfSelfRef']
2026-02-08 18:58:24,590 - evaluator - INFO - Evaluating xgboost
2026-02-08 18:58:24,604 - evaluator - INFO - xgboost Results:
2026-02-08 18:58:24,604 - evaluator - INFO -   Accuracy:  0.7926
2026-02-08 18:58:24,604 - evaluator - INFO -   Precision: 0.8034
2026-02-08 18:58:24,604 - evaluator - INFO -   Recall:    0.8250
2026-02-08 18:58:24,604 - evaluator - INFO -   F1 Score:  0.8140
2026-02-08 18:58:24,604 - evaluator - INFO -   ROC-AUC:   0.7935
2026-02-08 18:58:24,604 - evaluator - INFO - ================================================================================
2026-02-08 18:58:24,606 - evaluator - INFO - 
================================================================================
2026-02-08 18:58:24,606 - evaluator - INFO - MODEL COMPARISON
2026-02-08 18:58:24,606 - evaluator - INFO - ================================================================================
2026-02-08 18:58:24,607 - evaluator - INFO - 
              Model  Accuracy  Precision   Recall  F1 Score  ROC-AUC
            xgboost  0.792561   0.803376 0.824957  0.814023 0.793457
  gradient_boosting  0.791607   0.803043 0.823224  0.813008 0.795305
      random_forest  0.790653   0.802710 0.821490  0.811991 0.791479
logistic_regression  0.779208   0.789606 0.816291  0.802727 0.795953
2026-02-08 18:58:24,607 - pipeline - INFO - 
================================================================================
2026-02-08 18:58:24,607 - pipeline - INFO - STEP 6: SELECTING BEST MODEL
2026-02-08 18:58:24,607 - pipeline - INFO - ================================================================================
2026-02-08 18:58:24,607 - evaluator - INFO - 
Best model: xgboost (f1=0.8140)
2026-02-08 18:58:24,607 - pipeline - INFO - 
Best Model: xgboost
2026-02-08 18:58:24,607 - pipeline - INFO -   Accuracy:  0.7926
2026-02-08 18:58:24,607 - pipeline - INFO -   Precision: 0.8034
2026-02-08 18:58:24,607 - pipeline - INFO -   Recall:    0.8250
2026-02-08 18:58:24,607 - pipeline - INFO -   F1 Score:  0.8140
2026-02-08 18:58:24,607 - pipeline - INFO -   ROC-AUC:   0.7935
2026-02-08 18:58:24,607 - pipeline - INFO - 
================================================================================
2026-02-08 18:58:24,607 - pipeline - INFO - STEP 7: SAVING MODELS
2026-02-08 18:58:24,607 - pipeline - INFO - ================================================================================
2026-02-08 18:58:24,761 - trainer - INFO - Saved random_forest to /Users/geraldchan/Downloads/aiip8-GERALD_CHAN_WEIHENG_695B/src/outputs/models/random_forest.joblib
2026-02-08 18:58:24,776 - trainer - INFO - Saved gradient_boosting to /Users/geraldchan/Downloads/aiip8-GERALD_CHAN_WEIHENG_695B/src/outputs/models/gradient_boosting.joblib
2026-02-08 18:58:24,778 - trainer - INFO - Saved logistic_regression to /Users/geraldchan/Downloads/aiip8-GERALD_CHAN_WEIHENG_695B/src/outputs/models/logistic_regression.joblib
2026-02-08 18:58:24,795 - trainer - INFO - Saved xgboost to /Users/geraldchan/Downloads/aiip8-GERALD_CHAN_WEIHENG_695B/src/outputs/models/xgboost.joblib
2026-02-08 18:58:24,797 - preprocessor - INFO - Saved preprocessor to /Users/geraldchan/Downloads/aiip8-GERALD_CHAN_WEIHENG_695B/src/outputs/models/preprocessor.joblib
2026-02-08 18:58:24,797 - pipeline - INFO - 
================================================================================
2026-02-08 18:58:24,797 - pipeline - INFO - STEP 8: GENERATING EVALUATION REPORT
2026-02-08 18:58:24,797 - pipeline - INFO - ================================================================================
2026-02-08 18:58:24,797 - evaluator - INFO - Generating comprehensive evaluation report
2026-02-08 18:58:24,797 - evaluator - INFO - 
================================================================================
2026-02-08 18:58:24,797 - evaluator - INFO - MODEL COMPARISON
2026-02-08 18:58:24,797 - evaluator - INFO - ================================================================================
2026-02-08 18:58:24,798 - evaluator - INFO - 
              Model  Accuracy  Precision   Recall  F1 Score  ROC-AUC
            xgboost  0.792561   0.803376 0.824957  0.814023 0.793457
  gradient_boosting  0.791607   0.803043 0.823224  0.813008 0.795305
      random_forest  0.790653   0.802710 0.821490  0.811991 0.791479
logistic_regression  0.779208   0.789606 0.816291  0.802727 0.795953
2026-02-08 18:58:24,803 - evaluator - INFO - Saved model comparison to /Users/geraldchan/Downloads/aiip8-GERALD_CHAN_WEIHENG_695B/src/outputs/results/model_comparison.csv
2026-02-08 18:58:24,803 - evaluator - INFO - Results saved successfully
2026-02-08 18:58:25,191 - evaluator - INFO - Saved confusion matrix to /Users/geraldchan/Downloads/aiip8-GERALD_CHAN_WEIHENG_695B/src/outputs/results/confusion_matrix_random_forest.png
2026-02-08 18:58:25,452 - evaluator - INFO - Saved ROC curve to /Users/geraldchan/Downloads/aiip8-GERALD_CHAN_WEIHENG_695B/src/outputs/results/roc_curve_random_forest.png
2026-02-08 18:58:25,766 - evaluator - INFO - Saved feature importance to /Users/geraldchan/Downloads/aiip8-GERALD_CHAN_WEIHENG_695B/src/outputs/results/feature_importance_random_forest.png
2026-02-08 18:58:25,770 - evaluator - INFO - 
Classification Report - random_forest:
2026-02-08 18:58:25,770 - evaluator - INFO - 
              precision    recall  f1-score   support

    Phishing       0.78      0.75      0.76       943
  Legitimate       0.80      0.82      0.81      1154

    accuracy                           0.79      2097
   macro avg       0.79      0.79      0.79      2097
weighted avg       0.79      0.79      0.79      2097

2026-02-08 18:58:26,004 - evaluator - INFO - Saved confusion matrix to /Users/geraldchan/Downloads/aiip8-GERALD_CHAN_WEIHENG_695B/src/outputs/results/confusion_matrix_gradient_boosting.png
2026-02-08 18:58:26,262 - evaluator - INFO - Saved ROC curve to /Users/geraldchan/Downloads/aiip8-GERALD_CHAN_WEIHENG_695B/src/outputs/results/roc_curve_gradient_boosting.png
2026-02-08 18:58:26,530 - evaluator - INFO - Saved feature importance to /Users/geraldchan/Downloads/aiip8-GERALD_CHAN_WEIHENG_695B/src/outputs/results/feature_importance_gradient_boosting.png
2026-02-08 18:58:26,534 - evaluator - INFO - 
Classification Report - gradient_boosting:
2026-02-08 18:58:26,535 - evaluator - INFO - 
              precision    recall  f1-score   support

    Phishing       0.78      0.75      0.76       943
  Legitimate       0.80      0.82      0.81      1154

    accuracy                           0.79      2097
   macro avg       0.79      0.79      0.79      2097
weighted avg       0.79      0.79      0.79      2097

2026-02-08 18:58:26,766 - evaluator - INFO - Saved confusion matrix to /Users/geraldchan/Downloads/aiip8-GERALD_CHAN_WEIHENG_695B/src/outputs/results/confusion_matrix_logistic_regression.png
2026-02-08 18:58:27,026 - evaluator - INFO - Saved ROC curve to /Users/geraldchan/Downloads/aiip8-GERALD_CHAN_WEIHENG_695B/src/outputs/results/roc_curve_logistic_regression.png
2026-02-08 18:58:27,030 - evaluator - INFO - 
Classification Report - logistic_regression:
2026-02-08 18:58:27,030 - evaluator - INFO - 
              precision    recall  f1-score   support

    Phishing       0.77      0.73      0.75       943
  Legitimate       0.79      0.82      0.80      1154

    accuracy                           0.78      2097
   macro avg       0.78      0.78      0.78      2097
weighted avg       0.78      0.78      0.78      2097

2026-02-08 18:58:27,261 - evaluator - INFO - Saved confusion matrix to /Users/geraldchan/Downloads/aiip8-GERALD_CHAN_WEIHENG_695B/src/outputs/results/confusion_matrix_xgboost.png
2026-02-08 18:58:27,521 - evaluator - INFO - Saved ROC curve to /Users/geraldchan/Downloads/aiip8-GERALD_CHAN_WEIHENG_695B/src/outputs/results/roc_curve_xgboost.png
2026-02-08 18:58:27,782 - evaluator - INFO - Saved feature importance to /Users/geraldchan/Downloads/aiip8-GERALD_CHAN_WEIHENG_695B/src/outputs/results/feature_importance_xgboost.png
2026-02-08 18:58:27,786 - evaluator - INFO - 
Classification Report - xgboost:
2026-02-08 18:58:27,786 - evaluator - INFO - 
              precision    recall  f1-score   support

    Phishing       0.78      0.75      0.77       943
  Legitimate       0.80      0.82      0.81      1154

    accuracy                           0.79      2097
   macro avg       0.79      0.79      0.79      2097
weighted avg       0.79      0.79      0.79      2097

2026-02-08 18:58:27,786 - evaluator - INFO - Evaluation report saved to /Users/geraldchan/Downloads/aiip8-GERALD_CHAN_WEIHENG_695B/src/outputs/results
2026-02-08 18:58:27,787 - pipeline - INFO - Results saved to model_comparison.csv
2026-02-08 18:58:27,787 - pipeline - INFO - 
================================================================================
2026-02-08 18:58:27,787 - pipeline - INFO - PIPELINE COMPLETED SUCCESSFULLY!
2026-02-08 18:58:27,787 - pipeline - INFO - ================================================================================
2026-02-08 18:58:27,788 - pipeline - INFO - Total execution time: 666.71 seconds
2026-02-08 18:58:27,788 - pipeline - INFO - Best model: xgboost
2026-02-08 18:58:27,788 - pipeline - INFO - F1 Score: 0.8140
2026-02-08 18:58:27,788 - pipeline - INFO - Results saved to: /Users/geraldchan/Downloads/aiip8-GERALD_CHAN_WEIHENG_695B/src/outputs/results
2026-02-08 18:58:27,788 - pipeline - INFO - ================================================================================
2026-02-08 19:12:10,764 - pipeline - INFO - ================================================================================
2026-02-08 19:12:10,764 - pipeline - INFO - PHISHING DETECTION ML PIPELINE - START
2026-02-08 19:12:10,764 - pipeline - INFO - ================================================================================
2026-02-08 19:12:10,764 - pipeline - INFO - 
================================================================================
2026-02-08 19:12:10,764 - pipeline - INFO - STEP 1: LOADING DATA
2026-02-08 19:12:10,764 - pipeline - INFO - ================================================================================
2026-02-08 19:12:10,764 - data_loader - INFO - Loading data from /Users/geraldchan/Downloads/aiip8-GERALD_CHAN_WEIHENG_695B/src/data/phishing.db
2026-02-08 19:12:10,805 - data_loader - INFO - Loaded 10500 records from database
2026-02-08 19:12:10,805 - data_loader - INFO - Features: 16 columns
2026-02-08 19:12:10,806 - data_loader - INFO - Target distribution:
label
1    5779
0    4721
Name: count, dtype: int64
2026-02-08 19:12:10,810 - pipeline - INFO - Dataset summary: {'total_samples': 10500, 'n_features': 15, 'n_phishing': 4721, 'n_legitimate': 5779, 'phishing_percentage': 44.96190476190476, 'legitimate_percentage': 55.03809523809524, 'missing_values': 2355, 'duplicate_rows': 0}
2026-02-08 19:12:10,810 - pipeline - INFO - 
================================================================================
2026-02-08 19:12:10,810 - pipeline - INFO - STEP 2: SPLITTING DATA
2026-02-08 19:12:10,810 - pipeline - INFO - ================================================================================
2026-02-08 19:12:10,810 - data_loader - INFO - Splitting data into train/val/test sets
2026-02-08 19:12:10,816 - data_loader - INFO - Training set: 6300 samples (60.0%)
2026-02-08 19:12:10,816 - data_loader - INFO -   Class distribution: {1: 3467, 0: 2833}
2026-02-08 19:12:10,816 - data_loader - INFO - Validation set: 2100 samples (20.0%)
2026-02-08 19:12:10,816 - data_loader - INFO -   Class distribution: {1: 1156, 0: 944}
2026-02-08 19:12:10,816 - data_loader - INFO - Test set: 2100 samples (20.0%)
2026-02-08 19:12:10,816 - data_loader - INFO -   Class distribution: {1: 1156, 0: 944}
2026-02-08 19:12:10,817 - pipeline - INFO - 
================================================================================
2026-02-08 19:12:10,817 - pipeline - INFO - STEP 3: PREPROCESSING DATA
2026-02-08 19:12:10,817 - pipeline - INFO - ================================================================================
2026-02-08 19:12:10,817 - pipeline - INFO - Processing training data (fit + transform)...
2026-02-08 19:12:10,817 - preprocessor - INFO - === Fitting and transforming training data ===
2026-02-08 19:12:10,817 - preprocessor - INFO - Cleaning data
2026-02-08 19:12:10,817 - preprocessor - INFO - Dropped 1 unnamed column(s): ['Unnamed: 0']
2026-02-08 19:12:10,818 - preprocessor - INFO - Fixed duplicate 'eCommerce' categories in Industry
2026-02-08 19:12:10,821 - preprocessor - WARNING - Removed 48 duplicate rows
2026-02-08 19:12:10,821 - preprocessor - INFO - Handling missing values
2026-02-08 19:12:10,821 - preprocessor - INFO - Created LineOfCode_IsMissing indicator: 1408 missing values
2026-02-08 19:12:10,822 - preprocessor - INFO - Fitted LineOfCode median: 629.0
2026-02-08 19:12:10,823 - preprocessor - INFO - Imputed LineOfCode missing values with median: 629.0
2026-02-08 19:12:10,823 - preprocessor - INFO - Handling outliers with feature-specific strategies
2026-02-08 19:12:10,826 - preprocessor - INFO - Conservative clip LargestLineLength: [-23438.00, 31660.75] (3×IQR)
2026-02-08 19:12:10,826 - preprocessor - INFO - Protecting NoOfURLRedirect - no outlier treatment (phishing indicator)
2026-02-08 19:12:10,826 - preprocessor - INFO - Protecting NoOfSelfRedirect - no outlier treatment (phishing indicator)
2026-02-08 19:12:10,826 - preprocessor - INFO - Protecting NoOfPopup - no outlier treatment (phishing indicator)
2026-02-08 19:12:10,827 - preprocessor - INFO - Protecting NoOfiFrame - no outlier treatment (phishing indicator)
2026-02-08 19:12:10,827 - preprocessor - INFO - Extreme clip NoOfImage: upper bound = 292.98 (99th percentile)
2026-02-08 19:12:10,828 - preprocessor - INFO - Conservative clip NoOfSelfRef: [-261.00, 348.00] (3×IQR)
2026-02-08 19:12:10,829 - preprocessor - INFO - Conservative clip NoOfExternalRef: [-167.00, 225.00] (3×IQR)
2026-02-08 19:12:10,833 - preprocessor - INFO - Engineering features
2026-02-08 19:12:10,834 - preprocessor - INFO - Created 4 binary flag features
2026-02-08 19:12:10,834 - preprocessor - INFO - Created 2 ratio features
2026-02-08 19:12:10,834 - preprocessor - INFO - Created 2 aggregation features
2026-02-08 19:12:10,835 - preprocessor - INFO - Created 2 log-transformed features
2026-02-08 19:12:10,836 - preprocessor - INFO - Created DomainAge_Squared (will be excluded for linear models)
2026-02-08 19:12:10,839 - preprocessor - WARNING - Replaced inf/NaN values with 0 in engineered features
2026-02-08 19:12:10,839 - preprocessor - INFO - Encoding categorical features
2026-02-08 19:12:10,841 - preprocessor - INFO - One-hot encoded Industry: 10 features
2026-02-08 19:12:10,842 - preprocessor - INFO - Target encoded HostingProvider: 13 categories
2026-02-08 19:12:10,842 - preprocessor - INFO - Scaling features using robust
2026-02-08 19:12:10,853 - preprocessor - INFO - Fitted and transformed 25 numerical features
2026-02-08 19:12:10,853 - preprocessor - INFO - Preprocessing complete. Final shape: (6252, 36)
2026-02-08 19:12:10,853 - preprocessor - INFO - Split features and target: X shape = (6252, 35), y shape = (6252,)
2026-02-08 19:12:10,854 - pipeline - INFO - Processing validation data (transform only)...
2026-02-08 19:12:10,854 - preprocessor - INFO - === Transforming test/validation data ===
2026-02-08 19:12:10,854 - preprocessor - INFO - Cleaning data
2026-02-08 19:12:10,854 - preprocessor - INFO - Dropped 1 unnamed column(s): ['Unnamed: 0']
2026-02-08 19:12:10,854 - preprocessor - INFO - Fixed duplicate 'eCommerce' categories in Industry
2026-02-08 19:12:10,856 - preprocessor - WARNING - Removed 4 duplicate rows
2026-02-08 19:12:10,856 - preprocessor - INFO - Handling missing values
2026-02-08 19:12:10,856 - preprocessor - INFO - Created LineOfCode_IsMissing indicator: 472 missing values
2026-02-08 19:12:10,856 - preprocessor - INFO - Imputed LineOfCode missing values with median: 629.0
2026-02-08 19:12:10,857 - preprocessor - INFO - Handling outliers with feature-specific strategies
2026-02-08 19:12:10,858 - preprocessor - INFO - Protecting NoOfURLRedirect - no outlier treatment (phishing indicator)
2026-02-08 19:12:10,858 - preprocessor - INFO - Protecting NoOfSelfRedirect - no outlier treatment (phishing indicator)
2026-02-08 19:12:10,858 - preprocessor - INFO - Protecting NoOfPopup - no outlier treatment (phishing indicator)
2026-02-08 19:12:10,858 - preprocessor - INFO - Protecting NoOfiFrame - no outlier treatment (phishing indicator)
2026-02-08 19:12:10,860 - preprocessor - INFO - Engineering features
2026-02-08 19:12:10,861 - preprocessor - INFO - Created 4 binary flag features
2026-02-08 19:12:10,861 - preprocessor - INFO - Created 2 ratio features
2026-02-08 19:12:10,862 - preprocessor - INFO - Created 2 aggregation features
2026-02-08 19:12:10,862 - preprocessor - INFO - Created 2 log-transformed features
2026-02-08 19:12:10,862 - preprocessor - INFO - Created DomainAge_Squared (will be excluded for linear models)
2026-02-08 19:12:10,864 - preprocessor - WARNING - Replaced inf/NaN values with 0 in engineered features
2026-02-08 19:12:10,864 - preprocessor - INFO - Encoding categorical features
2026-02-08 19:12:10,866 - preprocessor - INFO - Scaling features using robust
2026-02-08 19:12:10,867 - preprocessor - INFO - Transformed 25 numerical features
2026-02-08 19:12:10,868 - preprocessor - INFO - Preprocessing complete. Final shape: (2096, 36)
2026-02-08 19:12:10,868 - preprocessor - INFO - Split features and target: X shape = (2096, 35), y shape = (2096,)
2026-02-08 19:12:10,868 - pipeline - INFO - Processing test data (transform only)...
2026-02-08 19:12:10,868 - preprocessor - INFO - === Transforming test/validation data ===
2026-02-08 19:12:10,868 - preprocessor - INFO - Cleaning data
2026-02-08 19:12:10,868 - preprocessor - INFO - Dropped 1 unnamed column(s): ['Unnamed: 0']
2026-02-08 19:12:10,869 - preprocessor - INFO - Fixed duplicate 'eCommerce' categories in Industry
2026-02-08 19:12:10,870 - preprocessor - WARNING - Removed 3 duplicate rows
2026-02-08 19:12:10,870 - preprocessor - INFO - Handling missing values
2026-02-08 19:12:10,871 - preprocessor - INFO - Created LineOfCode_IsMissing indicator: 452 missing values
2026-02-08 19:12:10,871 - preprocessor - INFO - Imputed LineOfCode missing values with median: 629.0
2026-02-08 19:12:10,871 - preprocessor - INFO - Handling outliers with feature-specific strategies
2026-02-08 19:12:10,872 - preprocessor - INFO - Protecting NoOfURLRedirect - no outlier treatment (phishing indicator)
2026-02-08 19:12:10,872 - preprocessor - INFO - Protecting NoOfSelfRedirect - no outlier treatment (phishing indicator)
2026-02-08 19:12:10,872 - preprocessor - INFO - Protecting NoOfPopup - no outlier treatment (phishing indicator)
2026-02-08 19:12:10,872 - preprocessor - INFO - Protecting NoOfiFrame - no outlier treatment (phishing indicator)
2026-02-08 19:12:10,874 - preprocessor - INFO - Engineering features
2026-02-08 19:12:10,875 - preprocessor - INFO - Created 4 binary flag features
2026-02-08 19:12:10,876 - preprocessor - INFO - Created 2 ratio features
2026-02-08 19:12:10,876 - preprocessor - INFO - Created 2 aggregation features
2026-02-08 19:12:10,876 - preprocessor - INFO - Created 2 log-transformed features
2026-02-08 19:12:10,876 - preprocessor - INFO - Created DomainAge_Squared (will be excluded for linear models)
2026-02-08 19:12:10,878 - preprocessor - WARNING - Replaced inf/NaN values with 0 in engineered features
2026-02-08 19:12:10,878 - preprocessor - INFO - Encoding categorical features
2026-02-08 19:12:10,880 - preprocessor - INFO - Scaling features using robust
2026-02-08 19:12:10,882 - preprocessor - INFO - Transformed 25 numerical features
2026-02-08 19:12:10,882 - preprocessor - INFO - Preprocessing complete. Final shape: (2097, 36)
2026-02-08 19:12:10,882 - preprocessor - INFO - Split features and target: X shape = (2097, 35), y shape = (2097,)
2026-02-08 19:12:10,882 - pipeline - INFO - Processed shapes - Train: (6252, 35), Val: (2096, 35), Test: (2097, 35)
2026-02-08 19:12:10,882 - pipeline - INFO - 
================================================================================
2026-02-08 19:12:10,882 - pipeline - INFO - STEP 4: TRAINING MODELS
2026-02-08 19:12:10,882 - pipeline - INFO - ================================================================================
2026-02-08 19:12:10,882 - pipeline - INFO - NOTE: Each model will use only its TOP 10 features
2026-02-08 19:12:10,882 - pipeline - INFO -   - Tree models: Include DomainAge_Squared
2026-02-08 19:12:10,882 - pipeline - INFO -   - Linear models: Exclude DomainAge_Squared
2026-02-08 19:12:10,882 - pipeline - INFO - ================================================================================
2026-02-08 19:12:10,882 - trainer - INFO - ================================================================================
2026-02-08 19:12:10,882 - trainer - INFO - TRAINING ALL ENABLED MODELS
2026-02-08 19:12:10,882 - trainer - INFO - ================================================================================
2026-02-08 19:12:10,882 - trainer - INFO - Enabled models: ['random_forest', 'gradient_boosting', 'logistic_regression', 'xgboost']
2026-02-08 19:12:10,882 - trainer - INFO - ================================================================================
2026-02-08 19:12:10,882 - trainer - INFO - Training random_forest
2026-02-08 19:12:10,883 - trainer - INFO - ================================================================================
2026-02-08 19:12:10,883 - preprocessor - INFO - random_forest (tree-based): Using top 10 features (includes DomainAge_Squared)
2026-02-08 19:12:10,883 - preprocessor - INFO -   Features selected: 10 (from 35 total)
2026-02-08 19:12:10,883 - preprocessor - INFO -   Selected features: ['HostingProvider_Encoded', 'HasExternalRefs', 'IsResponsive', 'DomainAgeMonths', 'DomainAge_Squared', 'Robots', 'TotalReferences', 'NoOfiFrame', 'NoOfExternalRef', 'NoOfSelfRef']
2026-02-08 19:12:10,883 - trainer - INFO - Feature set shape: (6252, 10)
2026-02-08 19:12:10,883 - trainer - INFO - Stored 10 feature names for random_forest
2026-02-08 19:12:10,883 - trainer - INFO - Performing hyperparameter tuning (grid search)
2026-02-08 19:18:43,119 - trainer - INFO - Best parameters: {'max_depth': 20, 'max_features': 'sqrt', 'min_samples_leaf': 2, 'min_samples_split': 20, 'n_estimators': 300}
2026-02-08 19:18:43,120 - trainer - INFO - Best CV f1: 0.8218
2026-02-08 19:18:43,120 - trainer - INFO - Training completed in 392.24 seconds
2026-02-08 19:18:43,120 - trainer - INFO - ================================================================================

2026-02-08 19:18:43,120 - trainer - INFO - ================================================================================
2026-02-08 19:18:43,120 - trainer - INFO - Training gradient_boosting
2026-02-08 19:18:43,120 - trainer - INFO - ================================================================================
2026-02-08 19:18:43,120 - preprocessor - INFO - gradient_boosting (tree-based): Using top 10 features (includes DomainAge_Squared)
2026-02-08 19:18:43,122 - preprocessor - INFO -   Features selected: 10 (from 35 total)
2026-02-08 19:18:43,122 - preprocessor - INFO -   Selected features: ['HostingProvider_Encoded', 'HasExternalRefs', 'IsResponsive', 'DomainAgeMonths', 'DomainAge_Squared', 'Robots', 'TotalReferences', 'NoOfiFrame', 'NoOfExternalRef', 'NoOfSelfRef']
2026-02-08 19:18:43,122 - trainer - INFO - Feature set shape: (6252, 10)
2026-02-08 19:18:43,122 - trainer - INFO - Stored 10 feature names for gradient_boosting
2026-02-08 19:18:43,122 - trainer - INFO - Performing hyperparameter tuning (grid search)
2026-02-08 19:23:04,422 - trainer - INFO - Best parameters: {'learning_rate': 0.01, 'max_depth': 4, 'n_estimators': 500, 'subsample': 0.7}
2026-02-08 19:23:04,424 - trainer - INFO - Best CV f1: 0.8229
2026-02-08 19:23:04,424 - trainer - INFO - Training completed in 261.30 seconds
2026-02-08 19:23:04,424 - trainer - INFO - ================================================================================

2026-02-08 19:23:04,424 - trainer - INFO - ================================================================================
2026-02-08 19:23:04,424 - trainer - INFO - Training logistic_regression
2026-02-08 19:23:04,424 - trainer - INFO - ================================================================================
2026-02-08 19:23:04,424 - preprocessor - INFO - logistic_regression (linear): Using top 10 features (excludes DomainAge_Squared)
2026-02-08 19:23:04,428 - preprocessor - INFO -   Features selected: 10 (from 35 total)
2026-02-08 19:23:04,428 - preprocessor - INFO -   Selected features: ['HostingProvider_Encoded', 'HasExternalRefs', 'IsResponsive', 'DomainAgeMonths', 'Robots', 'TotalReferences', 'NoOfiFrame', 'NoOfExternalRef', 'NoOfSelfRef', 'HasPopups']
2026-02-08 19:23:04,428 - trainer - INFO - Feature set shape: (6252, 10)
2026-02-08 19:23:04,428 - trainer - INFO - Stored 10 feature names for logistic_regression
2026-02-08 19:23:04,428 - trainer - INFO - Performing hyperparameter tuning (grid search)
2026-02-08 19:23:06,281 - trainer - INFO - Best parameters: {'C': 1.0, 'penalty': 'l1', 'solver': 'liblinear'}
2026-02-08 19:23:06,281 - trainer - INFO - Best CV f1: 0.8163
2026-02-08 19:23:06,281 - trainer - INFO - Training completed in 1.85 seconds
2026-02-08 19:23:06,281 - trainer - INFO - ================================================================================

2026-02-08 19:23:06,281 - trainer - INFO - ================================================================================
2026-02-08 19:23:06,281 - trainer - INFO - Training xgboost
2026-02-08 19:23:06,281 - trainer - INFO - ================================================================================
2026-02-08 19:23:06,281 - preprocessor - INFO - xgboost (tree-based): Using top 10 features (includes DomainAge_Squared)
2026-02-08 19:23:06,282 - preprocessor - INFO -   Features selected: 10 (from 35 total)
2026-02-08 19:23:06,282 - preprocessor - INFO -   Selected features: ['HostingProvider_Encoded', 'HasExternalRefs', 'IsResponsive', 'DomainAgeMonths', 'DomainAge_Squared', 'Robots', 'TotalReferences', 'NoOfiFrame', 'NoOfExternalRef', 'NoOfSelfRef']
2026-02-08 19:23:06,282 - trainer - INFO - Feature set shape: (6252, 10)
2026-02-08 19:23:06,282 - trainer - INFO - Stored 10 feature names for xgboost
2026-02-08 19:23:06,283 - trainer - INFO - Performing hyperparameter tuning (grid search)
2026-02-08 19:24:19,603 - trainer - INFO - Best parameters: {'colsample_bytree': 0.9, 'learning_rate': 0.01, 'max_depth': 4, 'n_estimators': 700, 'subsample': 0.8}
2026-02-08 19:24:19,604 - trainer - INFO - Best CV f1: 0.8231
2026-02-08 19:24:19,604 - trainer - INFO - Training completed in 73.32 seconds
2026-02-08 19:24:19,604 - trainer - INFO - ================================================================================

2026-02-08 19:24:19,604 - trainer - INFO - ================================================================================
2026-02-08 19:24:19,604 - trainer - INFO - ALL MODELS TRAINED
2026-02-08 19:24:19,604 - trainer - INFO - ================================================================================
2026-02-08 19:24:19,606 - pipeline - INFO - 
Training Summary:
2026-02-08 19:24:19,609 - pipeline - INFO - 
                              model_name training_time cv_score_mean cv_score_std                                                                                                     best_params feature_count
xgboost                          xgboost     73.321314       0.82311       0.0139         {'colsample_bytree': 0.9, 'learning_rate': 0.01, 'max_depth': 4, 'n_estimators': 700, 'subsample': 0.8}            10
gradient_boosting      gradient_boosting    261.301856      0.822919     0.012495                                  {'learning_rate': 0.01, 'max_depth': 4, 'n_estimators': 500, 'subsample': 0.7}            10
random_forest              random_forest    392.236736      0.821828     0.013939  {'max_depth': 20, 'max_features': 'sqrt', 'min_samples_leaf': 2, 'min_samples_split': 20, 'n_estimators': 300}            10
logistic_regression  logistic_regression      1.853445      0.816342     0.011264                                                              {'C': 1.0, 'penalty': 'l1', 'solver': 'liblinear'}            10
2026-02-08 19:24:19,610 - pipeline - INFO - 
================================================================================
2026-02-08 19:24:19,610 - pipeline - INFO - STEP 5: EVALUATING MODELS
2026-02-08 19:24:19,610 - pipeline - INFO - ================================================================================
2026-02-08 19:24:19,610 - evaluator - INFO - ================================================================================
2026-02-08 19:24:19,610 - evaluator - INFO - EVALUATING ALL MODELS
2026-02-08 19:24:19,610 - evaluator - INFO - ================================================================================
2026-02-08 19:24:19,610 - preprocessor - INFO - random_forest (tree-based): Using top 10 features (includes DomainAge_Squared)
2026-02-08 19:24:19,611 - preprocessor - INFO -   Features selected: 10 (from 35 total)
2026-02-08 19:24:19,611 - preprocessor - INFO -   Selected features: ['HostingProvider_Encoded', 'HasExternalRefs', 'IsResponsive', 'DomainAgeMonths', 'DomainAge_Squared', 'Robots', 'TotalReferences', 'NoOfiFrame', 'NoOfExternalRef', 'NoOfSelfRef']
2026-02-08 19:24:19,651 - preprocessor - INFO - random_forest (tree-based): Using top 10 features (includes DomainAge_Squared)
2026-02-08 19:24:19,652 - preprocessor - INFO -   Features selected: 10 (from 35 total)
2026-02-08 19:24:19,652 - preprocessor - INFO -   Selected features: ['HostingProvider_Encoded', 'HasExternalRefs', 'IsResponsive', 'DomainAgeMonths', 'DomainAge_Squared', 'Robots', 'TotalReferences', 'NoOfiFrame', 'NoOfExternalRef', 'NoOfSelfRef']
2026-02-08 19:24:19,692 - evaluator - INFO - Evaluating random_forest
2026-02-08 19:24:19,699 - evaluator - INFO - random_forest Results:
2026-02-08 19:24:19,699 - evaluator - INFO -   Accuracy:  0.7907
2026-02-08 19:24:19,700 - evaluator - INFO -   Precision: 0.8027
2026-02-08 19:24:19,700 - evaluator - INFO -   Recall:    0.8215
2026-02-08 19:24:19,700 - evaluator - INFO -   F1 Score:  0.8120
2026-02-08 19:24:19,700 - evaluator - INFO -   ROC-AUC:   0.7915
2026-02-08 19:24:19,700 - preprocessor - INFO - gradient_boosting (tree-based): Using top 10 features (includes DomainAge_Squared)
2026-02-08 19:24:19,700 - preprocessor - INFO -   Features selected: 10 (from 35 total)
2026-02-08 19:24:19,700 - preprocessor - INFO -   Selected features: ['HostingProvider_Encoded', 'HasExternalRefs', 'IsResponsive', 'DomainAgeMonths', 'DomainAge_Squared', 'Robots', 'TotalReferences', 'NoOfiFrame', 'NoOfExternalRef', 'NoOfSelfRef']
2026-02-08 19:24:19,722 - preprocessor - INFO - gradient_boosting (tree-based): Using top 10 features (includes DomainAge_Squared)
2026-02-08 19:24:19,723 - preprocessor - INFO -   Features selected: 10 (from 35 total)
2026-02-08 19:24:19,723 - preprocessor - INFO -   Selected features: ['HostingProvider_Encoded', 'HasExternalRefs', 'IsResponsive', 'DomainAgeMonths', 'DomainAge_Squared', 'Robots', 'TotalReferences', 'NoOfiFrame', 'NoOfExternalRef', 'NoOfSelfRef']
2026-02-08 19:24:19,744 - evaluator - INFO - Evaluating gradient_boosting
2026-02-08 19:24:19,751 - evaluator - INFO - gradient_boosting Results:
2026-02-08 19:24:19,751 - evaluator - INFO -   Accuracy:  0.7916
2026-02-08 19:24:19,751 - evaluator - INFO -   Precision: 0.8030
2026-02-08 19:24:19,751 - evaluator - INFO -   Recall:    0.8232
2026-02-08 19:24:19,751 - evaluator - INFO -   F1 Score:  0.8130
2026-02-08 19:24:19,751 - evaluator - INFO -   ROC-AUC:   0.7953
2026-02-08 19:24:19,751 - preprocessor - INFO - logistic_regression (linear): Using top 10 features (excludes DomainAge_Squared)
2026-02-08 19:24:19,752 - preprocessor - INFO -   Features selected: 10 (from 35 total)
2026-02-08 19:24:19,752 - preprocessor - INFO -   Selected features: ['HostingProvider_Encoded', 'HasExternalRefs', 'IsResponsive', 'DomainAgeMonths', 'Robots', 'TotalReferences', 'NoOfiFrame', 'NoOfExternalRef', 'NoOfSelfRef', 'HasPopups']
2026-02-08 19:24:19,758 - preprocessor - INFO - logistic_regression (linear): Using top 10 features (excludes DomainAge_Squared)
2026-02-08 19:24:19,759 - preprocessor - INFO -   Features selected: 10 (from 35 total)
2026-02-08 19:24:19,759 - preprocessor - INFO -   Selected features: ['HostingProvider_Encoded', 'HasExternalRefs', 'IsResponsive', 'DomainAgeMonths', 'Robots', 'TotalReferences', 'NoOfiFrame', 'NoOfExternalRef', 'NoOfSelfRef', 'HasPopups']
2026-02-08 19:24:19,763 - evaluator - INFO - Evaluating logistic_regression
2026-02-08 19:24:19,771 - evaluator - INFO - logistic_regression Results:
2026-02-08 19:24:19,771 - evaluator - INFO -   Accuracy:  0.7792
2026-02-08 19:24:19,771 - evaluator - INFO -   Precision: 0.7896
2026-02-08 19:24:19,771 - evaluator - INFO -   Recall:    0.8163
2026-02-08 19:24:19,771 - evaluator - INFO -   F1 Score:  0.8027
2026-02-08 19:24:19,771 - evaluator - INFO -   ROC-AUC:   0.7960
2026-02-08 19:24:19,771 - preprocessor - INFO - xgboost (tree-based): Using top 10 features (includes DomainAge_Squared)
2026-02-08 19:24:19,775 - preprocessor - INFO -   Features selected: 10 (from 35 total)
2026-02-08 19:24:19,775 - preprocessor - INFO -   Selected features: ['HostingProvider_Encoded', 'HasExternalRefs', 'IsResponsive', 'DomainAgeMonths', 'DomainAge_Squared', 'Robots', 'TotalReferences', 'NoOfiFrame', 'NoOfExternalRef', 'NoOfSelfRef']
2026-02-08 19:24:19,789 - preprocessor - INFO - xgboost (tree-based): Using top 10 features (includes DomainAge_Squared)
2026-02-08 19:24:19,789 - preprocessor - INFO -   Features selected: 10 (from 35 total)
2026-02-08 19:24:19,790 - preprocessor - INFO -   Selected features: ['HostingProvider_Encoded', 'HasExternalRefs', 'IsResponsive', 'DomainAgeMonths', 'DomainAge_Squared', 'Robots', 'TotalReferences', 'NoOfiFrame', 'NoOfExternalRef', 'NoOfSelfRef']
2026-02-08 19:24:19,803 - evaluator - INFO - Evaluating xgboost
2026-02-08 19:24:19,812 - evaluator - INFO - xgboost Results:
2026-02-08 19:24:19,812 - evaluator - INFO -   Accuracy:  0.7926
2026-02-08 19:24:19,813 - evaluator - INFO -   Precision: 0.8034
2026-02-08 19:24:19,813 - evaluator - INFO -   Recall:    0.8250
2026-02-08 19:24:19,813 - evaluator - INFO -   F1 Score:  0.8140
2026-02-08 19:24:19,813 - evaluator - INFO -   ROC-AUC:   0.7935
2026-02-08 19:24:19,813 - evaluator - INFO - ================================================================================
2026-02-08 19:24:19,815 - evaluator - INFO - 
================================================================================
2026-02-08 19:24:19,815 - evaluator - INFO - MODEL COMPARISON
2026-02-08 19:24:19,815 - evaluator - INFO - ================================================================================
2026-02-08 19:24:19,816 - evaluator - INFO - 
              Model  Accuracy  Precision   Recall  F1 Score  ROC-AUC
            xgboost  0.792561   0.803376 0.824957  0.814023 0.793457
  gradient_boosting  0.791607   0.803043 0.823224  0.813008 0.795305
      random_forest  0.790653   0.802710 0.821490  0.811991 0.791479
logistic_regression  0.779208   0.789606 0.816291  0.802727 0.795953
2026-02-08 19:24:19,816 - pipeline - INFO - 
================================================================================
2026-02-08 19:24:19,816 - pipeline - INFO - STEP 6: SELECTING BEST MODEL
2026-02-08 19:24:19,816 - pipeline - INFO - ================================================================================
2026-02-08 19:24:19,817 - evaluator - INFO - 
Best model: xgboost (f1=0.8140)
2026-02-08 19:24:19,817 - pipeline - INFO - 
Best Model: xgboost
2026-02-08 19:24:19,817 - pipeline - INFO -   Accuracy:  0.7926
2026-02-08 19:24:19,817 - pipeline - INFO -   Precision: 0.8034
2026-02-08 19:24:19,818 - pipeline - INFO -   Recall:    0.8250
2026-02-08 19:24:19,818 - pipeline - INFO -   F1 Score:  0.8140
2026-02-08 19:24:19,818 - pipeline - INFO -   ROC-AUC:   0.7935
2026-02-08 19:24:19,818 - pipeline - INFO - 
================================================================================
2026-02-08 19:24:19,818 - pipeline - INFO - STEP 7: SAVING MODELS
2026-02-08 19:24:19,818 - pipeline - INFO - ================================================================================
2026-02-08 19:24:19,993 - trainer - INFO - Saved random_forest to /Users/geraldchan/Downloads/aiip8-GERALD_CHAN_WEIHENG_695B/src/outputs/models/random_forest.joblib
2026-02-08 19:24:20,012 - trainer - INFO - Saved gradient_boosting to /Users/geraldchan/Downloads/aiip8-GERALD_CHAN_WEIHENG_695B/src/outputs/models/gradient_boosting.joblib
2026-02-08 19:24:20,014 - trainer - INFO - Saved logistic_regression to /Users/geraldchan/Downloads/aiip8-GERALD_CHAN_WEIHENG_695B/src/outputs/models/logistic_regression.joblib
2026-02-08 19:24:20,023 - trainer - INFO - Saved xgboost to /Users/geraldchan/Downloads/aiip8-GERALD_CHAN_WEIHENG_695B/src/outputs/models/xgboost.joblib
2026-02-08 19:24:20,025 - preprocessor - INFO - Saved preprocessor to /Users/geraldchan/Downloads/aiip8-GERALD_CHAN_WEIHENG_695B/src/outputs/models/preprocessor.joblib
2026-02-08 19:24:20,025 - pipeline - INFO - 
================================================================================
2026-02-08 19:24:20,025 - pipeline - INFO - STEP 8: GENERATING EVALUATION REPORT
2026-02-08 19:24:20,025 - pipeline - INFO - ================================================================================
2026-02-08 19:24:20,025 - evaluator - INFO - Generating comprehensive evaluation report
2026-02-08 19:24:20,026 - evaluator - INFO - 
================================================================================
2026-02-08 19:24:20,026 - evaluator - INFO - MODEL COMPARISON
2026-02-08 19:24:20,026 - evaluator - INFO - ================================================================================
2026-02-08 19:24:20,028 - evaluator - INFO - 
              Model  Accuracy  Precision   Recall  F1 Score  ROC-AUC
            xgboost  0.792561   0.803376 0.824957  0.814023 0.793457
  gradient_boosting  0.791607   0.803043 0.823224  0.813008 0.795305
      random_forest  0.790653   0.802710 0.821490  0.811991 0.791479
logistic_regression  0.779208   0.789606 0.816291  0.802727 0.795953
2026-02-08 19:24:20,032 - evaluator - INFO - Saved model comparison to /Users/geraldchan/Downloads/aiip8-GERALD_CHAN_WEIHENG_695B/src/outputs/results/model_comparison.csv
2026-02-08 19:24:20,033 - evaluator - INFO - Results saved successfully
2026-02-08 19:24:20,465 - evaluator - INFO - Saved confusion matrix to /Users/geraldchan/Downloads/aiip8-GERALD_CHAN_WEIHENG_695B/src/outputs/results/confusion_matrix_random_forest.png
2026-02-08 19:24:20,734 - evaluator - INFO - Saved ROC curve to /Users/geraldchan/Downloads/aiip8-GERALD_CHAN_WEIHENG_695B/src/outputs/results/roc_curve_random_forest.png
2026-02-08 19:24:21,078 - evaluator - INFO - Saved feature importance to /Users/geraldchan/Downloads/aiip8-GERALD_CHAN_WEIHENG_695B/src/outputs/results/feature_importance_random_forest.png
2026-02-08 19:24:21,082 - evaluator - INFO - 
Classification Report - random_forest:
2026-02-08 19:24:21,082 - evaluator - INFO - 
              precision    recall  f1-score   support

    Phishing       0.78      0.75      0.76       943
  Legitimate       0.80      0.82      0.81      1154

    accuracy                           0.79      2097
   macro avg       0.79      0.79      0.79      2097
weighted avg       0.79      0.79      0.79      2097

2026-02-08 19:24:21,317 - evaluator - INFO - Saved confusion matrix to /Users/geraldchan/Downloads/aiip8-GERALD_CHAN_WEIHENG_695B/src/outputs/results/confusion_matrix_gradient_boosting.png
2026-02-08 19:24:21,581 - evaluator - INFO - Saved ROC curve to /Users/geraldchan/Downloads/aiip8-GERALD_CHAN_WEIHENG_695B/src/outputs/results/roc_curve_gradient_boosting.png
2026-02-08 19:24:21,876 - evaluator - INFO - Saved feature importance to /Users/geraldchan/Downloads/aiip8-GERALD_CHAN_WEIHENG_695B/src/outputs/results/feature_importance_gradient_boosting.png
2026-02-08 19:24:21,880 - evaluator - INFO - 
Classification Report - gradient_boosting:
2026-02-08 19:24:21,881 - evaluator - INFO - 
              precision    recall  f1-score   support

    Phishing       0.78      0.75      0.76       943
  Legitimate       0.80      0.82      0.81      1154

    accuracy                           0.79      2097
   macro avg       0.79      0.79      0.79      2097
weighted avg       0.79      0.79      0.79      2097

2026-02-08 19:24:22,133 - evaluator - INFO - Saved confusion matrix to /Users/geraldchan/Downloads/aiip8-GERALD_CHAN_WEIHENG_695B/src/outputs/results/confusion_matrix_logistic_regression.png
2026-02-08 19:24:22,397 - evaluator - INFO - Saved ROC curve to /Users/geraldchan/Downloads/aiip8-GERALD_CHAN_WEIHENG_695B/src/outputs/results/roc_curve_logistic_regression.png
2026-02-08 19:24:22,401 - evaluator - INFO - 
Classification Report - logistic_regression:
2026-02-08 19:24:22,401 - evaluator - INFO - 
              precision    recall  f1-score   support

    Phishing       0.77      0.73      0.75       943
  Legitimate       0.79      0.82      0.80      1154

    accuracy                           0.78      2097
   macro avg       0.78      0.78      0.78      2097
weighted avg       0.78      0.78      0.78      2097

2026-02-08 19:24:22,638 - evaluator - INFO - Saved confusion matrix to /Users/geraldchan/Downloads/aiip8-GERALD_CHAN_WEIHENG_695B/src/outputs/results/confusion_matrix_xgboost.png
2026-02-08 19:24:22,897 - evaluator - INFO - Saved ROC curve to /Users/geraldchan/Downloads/aiip8-GERALD_CHAN_WEIHENG_695B/src/outputs/results/roc_curve_xgboost.png
2026-02-08 19:24:23,190 - evaluator - INFO - Saved feature importance to /Users/geraldchan/Downloads/aiip8-GERALD_CHAN_WEIHENG_695B/src/outputs/results/feature_importance_xgboost.png
2026-02-08 19:24:23,195 - evaluator - INFO - 
Classification Report - xgboost:
2026-02-08 19:24:23,195 - evaluator - INFO - 
              precision    recall  f1-score   support

    Phishing       0.78      0.75      0.77       943
  Legitimate       0.80      0.82      0.81      1154

    accuracy                           0.79      2097
   macro avg       0.79      0.79      0.79      2097
weighted avg       0.79      0.79      0.79      2097

2026-02-08 19:24:23,195 - evaluator - INFO - Evaluation report saved to /Users/geraldchan/Downloads/aiip8-GERALD_CHAN_WEIHENG_695B/src/outputs/results
2026-02-08 19:24:23,197 - pipeline - INFO - Results saved to model_comparison.csv
2026-02-08 19:24:23,197 - pipeline - INFO - 
================================================================================
2026-02-08 19:24:23,197 - pipeline - INFO - PIPELINE COMPLETED SUCCESSFULLY!
2026-02-08 19:24:23,197 - pipeline - INFO - ================================================================================
2026-02-08 19:24:23,197 - pipeline - INFO - Total execution time: 732.43 seconds
2026-02-08 19:24:23,197 - pipeline - INFO - Best model: xgboost
2026-02-08 19:24:23,197 - pipeline - INFO - F1 Score: 0.8140
2026-02-08 19:24:23,197 - pipeline - INFO - Results saved to: /Users/geraldchan/Downloads/aiip8-GERALD_CHAN_WEIHENG_695B/src/outputs/results
2026-02-08 19:24:23,197 - pipeline - INFO - ================================================================================
2026-02-08 19:36:28,662 - pipeline - INFO - ================================================================================
2026-02-08 19:36:28,662 - pipeline - INFO - PHISHING DETECTION ML PIPELINE - START
2026-02-08 19:36:28,662 - pipeline - INFO - ================================================================================
2026-02-08 19:36:28,662 - pipeline - INFO - 
================================================================================
2026-02-08 19:36:28,662 - pipeline - INFO - STEP 1: LOADING DATA
2026-02-08 19:36:28,662 - pipeline - INFO - ================================================================================
2026-02-08 19:36:28,662 - data_loader - INFO - Loading data from /Users/geraldchan/Downloads/aiip8-GERALD_CHAN_WEIHENG_695B/src/data/phishing.db
2026-02-08 19:36:28,704 - data_loader - INFO - Loaded 10500 records from database
2026-02-08 19:36:28,704 - data_loader - INFO - Features: 16 columns
2026-02-08 19:36:28,705 - data_loader - INFO - Target distribution:
label
1    5779
0    4721
Name: count, dtype: int64
2026-02-08 19:36:28,709 - pipeline - INFO - Dataset summary: {'total_samples': 10500, 'n_features': 15, 'n_phishing': 4721, 'n_legitimate': 5779, 'phishing_percentage': 44.96190476190476, 'legitimate_percentage': 55.03809523809524, 'missing_values': 2355, 'duplicate_rows': 0}
2026-02-08 19:36:28,709 - pipeline - INFO - 
================================================================================
2026-02-08 19:36:28,709 - pipeline - INFO - STEP 2: SPLITTING DATA
2026-02-08 19:36:28,709 - pipeline - INFO - ================================================================================
2026-02-08 19:36:28,709 - data_loader - INFO - Splitting data into train/val/test sets
2026-02-08 19:36:28,716 - data_loader - INFO - Training set: 6300 samples (60.0%)
2026-02-08 19:36:28,717 - data_loader - INFO -   Class distribution: {1: 3467, 0: 2833}
2026-02-08 19:36:28,717 - data_loader - INFO - Validation set: 2100 samples (20.0%)
2026-02-08 19:36:28,717 - data_loader - INFO -   Class distribution: {1: 1156, 0: 944}
2026-02-08 19:36:28,717 - data_loader - INFO - Test set: 2100 samples (20.0%)
2026-02-08 19:36:28,717 - data_loader - INFO -   Class distribution: {1: 1156, 0: 944}
2026-02-08 19:36:28,717 - pipeline - INFO - 
================================================================================
2026-02-08 19:36:28,717 - pipeline - INFO - STEP 3: PREPROCESSING DATA
2026-02-08 19:36:28,717 - pipeline - INFO - ================================================================================
2026-02-08 19:36:28,717 - pipeline - INFO - Processing training data (fit + transform)...
2026-02-08 19:36:28,717 - preprocessor - INFO - === Fitting and transforming training data ===
2026-02-08 19:36:28,717 - preprocessor - INFO - Cleaning data
2026-02-08 19:36:28,718 - preprocessor - INFO - Dropped 1 unnamed column(s): ['Unnamed: 0']
2026-02-08 19:36:28,719 - preprocessor - INFO - Fixed duplicate 'eCommerce' categories in Industry
2026-02-08 19:36:28,722 - preprocessor - WARNING - Removed 48 duplicate rows
2026-02-08 19:36:28,722 - preprocessor - INFO - Handling missing values
2026-02-08 19:36:28,722 - preprocessor - INFO - Created LineOfCode_IsMissing indicator: 1408 missing values
2026-02-08 19:36:28,723 - preprocessor - INFO - Fitted LineOfCode median: 629.0
2026-02-08 19:36:28,724 - preprocessor - INFO - Imputed LineOfCode missing values with median: 629.0
2026-02-08 19:36:28,724 - preprocessor - INFO - Handling outliers with feature-specific strategies
2026-02-08 19:36:28,727 - preprocessor - INFO - Conservative clip LargestLineLength: [-23438.00, 31660.75] (3×IQR)
2026-02-08 19:36:28,728 - preprocessor - INFO - Protecting NoOfURLRedirect - no outlier treatment (phishing indicator)
2026-02-08 19:36:28,728 - preprocessor - INFO - Protecting NoOfSelfRedirect - no outlier treatment (phishing indicator)
2026-02-08 19:36:28,728 - preprocessor - INFO - Protecting NoOfPopup - no outlier treatment (phishing indicator)
2026-02-08 19:36:28,728 - preprocessor - INFO - Protecting NoOfiFrame - no outlier treatment (phishing indicator)
2026-02-08 19:36:28,728 - preprocessor - INFO - Extreme clip NoOfImage: upper bound = 292.98 (99th percentile)
2026-02-08 19:36:28,729 - preprocessor - INFO - Conservative clip NoOfSelfRef: [-261.00, 348.00] (3×IQR)
2026-02-08 19:36:28,730 - preprocessor - INFO - Conservative clip NoOfExternalRef: [-167.00, 225.00] (3×IQR)
2026-02-08 19:36:28,734 - preprocessor - INFO - Engineering features
2026-02-08 19:36:28,735 - preprocessor - INFO - Created 4 binary flag features
2026-02-08 19:36:28,736 - preprocessor - INFO - Created 2 ratio features
2026-02-08 19:36:28,736 - preprocessor - INFO - Created 2 aggregation features
2026-02-08 19:36:28,737 - preprocessor - INFO - Created 2 log-transformed features
2026-02-08 19:36:28,738 - preprocessor - INFO - Created DomainAge_Squared (will be excluded for linear models)
2026-02-08 19:36:28,741 - preprocessor - WARNING - Replaced inf/NaN values with 0 in engineered features
2026-02-08 19:36:28,741 - preprocessor - INFO - Encoding categorical features
2026-02-08 19:36:28,743 - preprocessor - INFO - One-hot encoded Industry: 10 features
2026-02-08 19:36:28,745 - preprocessor - INFO - Target encoded HostingProvider: 13 categories
2026-02-08 19:36:28,745 - preprocessor - INFO - Scaling features using robust
2026-02-08 19:36:28,755 - preprocessor - INFO - Fitted and transformed 25 numerical features
2026-02-08 19:36:28,755 - preprocessor - INFO - Preprocessing complete. Final shape: (6252, 36)
2026-02-08 19:36:28,756 - preprocessor - INFO - Split features and target: X shape = (6252, 35), y shape = (6252,)
2026-02-08 19:36:28,756 - pipeline - INFO - Processing validation data (transform only)...
2026-02-08 19:36:28,756 - preprocessor - INFO - === Transforming test/validation data ===
2026-02-08 19:36:28,756 - preprocessor - INFO - Cleaning data
2026-02-08 19:36:28,756 - preprocessor - INFO - Dropped 1 unnamed column(s): ['Unnamed: 0']
2026-02-08 19:36:28,757 - preprocessor - INFO - Fixed duplicate 'eCommerce' categories in Industry
2026-02-08 19:36:28,758 - preprocessor - WARNING - Removed 4 duplicate rows
2026-02-08 19:36:28,758 - preprocessor - INFO - Handling missing values
2026-02-08 19:36:28,759 - preprocessor - INFO - Created LineOfCode_IsMissing indicator: 472 missing values
2026-02-08 19:36:28,759 - preprocessor - INFO - Imputed LineOfCode missing values with median: 629.0
2026-02-08 19:36:28,759 - preprocessor - INFO - Handling outliers with feature-specific strategies
2026-02-08 19:36:28,760 - preprocessor - INFO - Protecting NoOfURLRedirect - no outlier treatment (phishing indicator)
2026-02-08 19:36:28,760 - preprocessor - INFO - Protecting NoOfSelfRedirect - no outlier treatment (phishing indicator)
2026-02-08 19:36:28,760 - preprocessor - INFO - Protecting NoOfPopup - no outlier treatment (phishing indicator)
2026-02-08 19:36:28,760 - preprocessor - INFO - Protecting NoOfiFrame - no outlier treatment (phishing indicator)
2026-02-08 19:36:28,763 - preprocessor - INFO - Engineering features
2026-02-08 19:36:28,763 - preprocessor - INFO - Created 4 binary flag features
2026-02-08 19:36:28,764 - preprocessor - INFO - Created 2 ratio features
2026-02-08 19:36:28,764 - preprocessor - INFO - Created 2 aggregation features
2026-02-08 19:36:28,764 - preprocessor - INFO - Created 2 log-transformed features
2026-02-08 19:36:28,765 - preprocessor - INFO - Created DomainAge_Squared (will be excluded for linear models)
2026-02-08 19:36:28,766 - preprocessor - WARNING - Replaced inf/NaN values with 0 in engineered features
2026-02-08 19:36:28,766 - preprocessor - INFO - Encoding categorical features
2026-02-08 19:36:28,768 - preprocessor - INFO - Scaling features using robust
2026-02-08 19:36:28,770 - preprocessor - INFO - Transformed 25 numerical features
2026-02-08 19:36:28,770 - preprocessor - INFO - Preprocessing complete. Final shape: (2096, 36)
2026-02-08 19:36:28,771 - preprocessor - INFO - Split features and target: X shape = (2096, 35), y shape = (2096,)
2026-02-08 19:36:28,771 - pipeline - INFO - Processing test data (transform only)...
2026-02-08 19:36:28,771 - preprocessor - INFO - === Transforming test/validation data ===
2026-02-08 19:36:28,771 - preprocessor - INFO - Cleaning data
2026-02-08 19:36:28,771 - preprocessor - INFO - Dropped 1 unnamed column(s): ['Unnamed: 0']
2026-02-08 19:36:28,772 - preprocessor - INFO - Fixed duplicate 'eCommerce' categories in Industry
2026-02-08 19:36:28,773 - preprocessor - WARNING - Removed 3 duplicate rows
2026-02-08 19:36:28,773 - preprocessor - INFO - Handling missing values
2026-02-08 19:36:28,773 - preprocessor - INFO - Created LineOfCode_IsMissing indicator: 452 missing values
2026-02-08 19:36:28,773 - preprocessor - INFO - Imputed LineOfCode missing values with median: 629.0
2026-02-08 19:36:28,773 - preprocessor - INFO - Handling outliers with feature-specific strategies
2026-02-08 19:36:28,775 - preprocessor - INFO - Protecting NoOfURLRedirect - no outlier treatment (phishing indicator)
2026-02-08 19:36:28,775 - preprocessor - INFO - Protecting NoOfSelfRedirect - no outlier treatment (phishing indicator)
2026-02-08 19:36:28,775 - preprocessor - INFO - Protecting NoOfPopup - no outlier treatment (phishing indicator)
2026-02-08 19:36:28,775 - preprocessor - INFO - Protecting NoOfiFrame - no outlier treatment (phishing indicator)
2026-02-08 19:36:28,778 - preprocessor - INFO - Engineering features
2026-02-08 19:36:28,779 - preprocessor - INFO - Created 4 binary flag features
2026-02-08 19:36:28,779 - preprocessor - INFO - Created 2 ratio features
2026-02-08 19:36:28,780 - preprocessor - INFO - Created 2 aggregation features
2026-02-08 19:36:28,780 - preprocessor - INFO - Created 2 log-transformed features
2026-02-08 19:36:28,780 - preprocessor - INFO - Created DomainAge_Squared (will be excluded for linear models)
2026-02-08 19:36:28,782 - preprocessor - WARNING - Replaced inf/NaN values with 0 in engineered features
2026-02-08 19:36:28,782 - preprocessor - INFO - Encoding categorical features
2026-02-08 19:36:28,784 - preprocessor - INFO - Scaling features using robust
2026-02-08 19:36:28,786 - preprocessor - INFO - Transformed 25 numerical features
2026-02-08 19:36:28,786 - preprocessor - INFO - Preprocessing complete. Final shape: (2097, 36)
2026-02-08 19:36:28,787 - preprocessor - INFO - Split features and target: X shape = (2097, 35), y shape = (2097,)
2026-02-08 19:36:28,787 - pipeline - INFO - Processed shapes - Train: (6252, 35), Val: (2096, 35), Test: (2097, 35)
2026-02-08 19:36:28,787 - pipeline - INFO - 
================================================================================
2026-02-08 19:36:28,787 - pipeline - INFO - STEP 4: TRAINING MODELS
2026-02-08 19:36:28,787 - pipeline - INFO - ================================================================================
2026-02-08 19:36:28,787 - pipeline - INFO - NOTE: Each model will use only its TOP 10 features
2026-02-08 19:36:28,787 - pipeline - INFO -   - Tree models: Include DomainAge_Squared
2026-02-08 19:36:28,787 - pipeline - INFO -   - Linear models: Exclude DomainAge_Squared
2026-02-08 19:36:28,787 - pipeline - INFO - ================================================================================
2026-02-08 19:36:28,787 - trainer - INFO - ================================================================================
2026-02-08 19:36:28,787 - trainer - INFO - TRAINING ALL ENABLED MODELS
2026-02-08 19:36:28,787 - trainer - INFO - ================================================================================
2026-02-08 19:36:28,787 - trainer - INFO - Enabled models: ['random_forest', 'gradient_boosting', 'logistic_regression', 'xgboost']
2026-02-08 19:36:28,787 - trainer - INFO - ================================================================================
2026-02-08 19:36:28,787 - trainer - INFO - Training random_forest
2026-02-08 19:36:28,787 - trainer - INFO - ================================================================================
2026-02-08 19:36:28,787 - preprocessor - INFO - random_forest (tree-based): Using top 10 features (includes DomainAge_Squared)
2026-02-08 19:36:28,788 - preprocessor - INFO -   Features selected: 10 (from 35 total)
2026-02-08 19:36:28,788 - preprocessor - INFO -   Selected features: ['HostingProvider_Encoded', 'HasExternalRefs', 'IsResponsive', 'DomainAgeMonths', 'DomainAge_Squared', 'Robots', 'TotalReferences', 'NoOfiFrame', 'NoOfExternalRef', 'NoOfSelfRef']
2026-02-08 19:36:28,788 - trainer - INFO - Feature set shape: (6252, 10)
2026-02-08 19:36:28,788 - trainer - INFO - Stored 10 feature names for random_forest
2026-02-08 19:36:28,788 - trainer - INFO - Performing hyperparameter tuning (grid search)
2026-02-08 19:37:13,411 - pipeline - INFO - ================================================================================
2026-02-08 19:37:13,411 - pipeline - INFO - PHISHING DETECTION ML PIPELINE - START
2026-02-08 19:37:13,411 - pipeline - INFO - ================================================================================
2026-02-08 19:37:13,411 - pipeline - INFO - 
================================================================================
2026-02-08 19:37:13,411 - pipeline - INFO - STEP 1: LOADING DATA
2026-02-08 19:37:13,411 - pipeline - INFO - ================================================================================
2026-02-08 19:37:13,411 - data_loader - INFO - Loading data from /Users/geraldchan/Downloads/aiip8-GERALD_CHAN_WEIHENG_695B/src/data/phishing.db
2026-02-08 19:37:13,453 - data_loader - INFO - Loaded 10500 records from database
2026-02-08 19:37:13,453 - data_loader - INFO - Features: 16 columns
2026-02-08 19:37:13,453 - data_loader - INFO - Target distribution:
label
1    5779
0    4721
Name: count, dtype: int64
2026-02-08 19:37:13,458 - pipeline - INFO - Dataset summary: {'total_samples': 10500, 'n_features': 15, 'n_phishing': 4721, 'n_legitimate': 5779, 'phishing_percentage': 44.96190476190476, 'legitimate_percentage': 55.03809523809524, 'missing_values': 2355, 'duplicate_rows': 0}
2026-02-08 19:37:13,458 - pipeline - INFO - 
================================================================================
2026-02-08 19:37:13,458 - pipeline - INFO - STEP 2: SPLITTING DATA
2026-02-08 19:37:13,458 - pipeline - INFO - ================================================================================
2026-02-08 19:37:13,458 - data_loader - INFO - Splitting data into train/val/test sets
2026-02-08 19:37:13,464 - data_loader - INFO - Training set: 6300 samples (60.0%)
2026-02-08 19:37:13,465 - data_loader - INFO -   Class distribution: {1: 3467, 0: 2833}
2026-02-08 19:37:13,465 - data_loader - INFO - Validation set: 2100 samples (20.0%)
2026-02-08 19:37:13,465 - data_loader - INFO -   Class distribution: {1: 1156, 0: 944}
2026-02-08 19:37:13,465 - data_loader - INFO - Test set: 2100 samples (20.0%)
2026-02-08 19:37:13,465 - data_loader - INFO -   Class distribution: {1: 1156, 0: 944}
2026-02-08 19:37:13,465 - pipeline - INFO - 
================================================================================
2026-02-08 19:37:13,465 - pipeline - INFO - STEP 3: PREPROCESSING DATA
2026-02-08 19:37:13,465 - pipeline - INFO - ================================================================================
2026-02-08 19:37:13,465 - pipeline - INFO - Processing training data (fit + transform)...
2026-02-08 19:37:13,465 - preprocessor - INFO - === Fitting and transforming training data ===
2026-02-08 19:37:13,465 - preprocessor - INFO - Cleaning data
2026-02-08 19:37:13,466 - preprocessor - INFO - Dropped 1 unnamed column(s): ['Unnamed: 0']
2026-02-08 19:37:13,467 - preprocessor - INFO - Fixed duplicate 'eCommerce' categories in Industry
2026-02-08 19:37:13,471 - preprocessor - WARNING - Removed 48 duplicate rows
2026-02-08 19:37:13,471 - preprocessor - INFO - Handling missing values
2026-02-08 19:37:13,471 - preprocessor - INFO - Created LineOfCode_IsMissing indicator: 1408 missing values
2026-02-08 19:37:13,474 - preprocessor - INFO - Fitted LineOfCode median: 629.0
2026-02-08 19:37:13,475 - preprocessor - INFO - Imputed LineOfCode missing values with median: 629.0
2026-02-08 19:37:13,475 - preprocessor - INFO - Handling outliers with feature-specific strategies
2026-02-08 19:37:13,478 - preprocessor - INFO - Conservative clip LargestLineLength: [-23438.00, 31660.75] (3×IQR)
2026-02-08 19:37:13,479 - preprocessor - INFO - Protecting NoOfURLRedirect - no outlier treatment (phishing indicator)
2026-02-08 19:37:13,479 - preprocessor - INFO - Protecting NoOfSelfRedirect - no outlier treatment (phishing indicator)
2026-02-08 19:37:13,479 - preprocessor - INFO - Protecting NoOfPopup - no outlier treatment (phishing indicator)
2026-02-08 19:37:13,479 - preprocessor - INFO - Protecting NoOfiFrame - no outlier treatment (phishing indicator)
2026-02-08 19:37:13,480 - preprocessor - INFO - Extreme clip NoOfImage: upper bound = 292.98 (99th percentile)
2026-02-08 19:37:13,481 - preprocessor - INFO - Conservative clip NoOfSelfRef: [-261.00, 348.00] (3×IQR)
2026-02-08 19:37:13,482 - preprocessor - INFO - Conservative clip NoOfExternalRef: [-167.00, 225.00] (3×IQR)
2026-02-08 19:37:13,486 - preprocessor - INFO - Engineering features
2026-02-08 19:37:13,487 - preprocessor - INFO - Created 4 binary flag features
2026-02-08 19:37:13,488 - preprocessor - INFO - Created 2 ratio features
2026-02-08 19:37:13,488 - preprocessor - INFO - Created 2 aggregation features
2026-02-08 19:37:13,490 - preprocessor - INFO - Created 2 log-transformed features
2026-02-08 19:37:13,490 - preprocessor - INFO - Created DomainAge_Squared (will be excluded for linear models)
2026-02-08 19:37:13,494 - preprocessor - WARNING - Replaced inf/NaN values with 0 in engineered features
2026-02-08 19:37:13,494 - preprocessor - INFO - Encoding categorical features
2026-02-08 19:37:13,496 - preprocessor - INFO - One-hot encoded Industry: 10 features
2026-02-08 19:37:13,498 - preprocessor - INFO - Target encoded HostingProvider: 13 categories
2026-02-08 19:37:13,498 - preprocessor - INFO - Scaling features using robust
2026-02-08 19:37:13,509 - preprocessor - INFO - Fitted and transformed 25 numerical features
2026-02-08 19:37:13,509 - preprocessor - INFO - Preprocessing complete. Final shape: (6252, 36)
2026-02-08 19:37:13,509 - preprocessor - INFO - Split features and target: X shape = (6252, 35), y shape = (6252,)
2026-02-08 19:37:13,510 - pipeline - INFO - Processing validation data (transform only)...
2026-02-08 19:37:13,510 - preprocessor - INFO - === Transforming test/validation data ===
2026-02-08 19:37:13,510 - preprocessor - INFO - Cleaning data
2026-02-08 19:37:13,510 - preprocessor - INFO - Dropped 1 unnamed column(s): ['Unnamed: 0']
2026-02-08 19:37:13,511 - preprocessor - INFO - Fixed duplicate 'eCommerce' categories in Industry
2026-02-08 19:37:13,512 - preprocessor - WARNING - Removed 4 duplicate rows
2026-02-08 19:37:13,512 - preprocessor - INFO - Handling missing values
2026-02-08 19:37:13,513 - preprocessor - INFO - Created LineOfCode_IsMissing indicator: 472 missing values
2026-02-08 19:37:13,513 - preprocessor - INFO - Imputed LineOfCode missing values with median: 629.0
2026-02-08 19:37:13,513 - preprocessor - INFO - Handling outliers with feature-specific strategies
2026-02-08 19:37:13,515 - preprocessor - INFO - Protecting NoOfURLRedirect - no outlier treatment (phishing indicator)
2026-02-08 19:37:13,515 - preprocessor - INFO - Protecting NoOfSelfRedirect - no outlier treatment (phishing indicator)
2026-02-08 19:37:13,515 - preprocessor - INFO - Protecting NoOfPopup - no outlier treatment (phishing indicator)
2026-02-08 19:37:13,515 - preprocessor - INFO - Protecting NoOfiFrame - no outlier treatment (phishing indicator)
2026-02-08 19:37:13,517 - preprocessor - INFO - Engineering features
2026-02-08 19:37:13,518 - preprocessor - INFO - Created 4 binary flag features
2026-02-08 19:37:13,519 - preprocessor - INFO - Created 2 ratio features
2026-02-08 19:37:13,519 - preprocessor - INFO - Created 2 aggregation features
2026-02-08 19:37:13,519 - preprocessor - INFO - Created 2 log-transformed features
2026-02-08 19:37:13,519 - preprocessor - INFO - Created DomainAge_Squared (will be excluded for linear models)
2026-02-08 19:37:13,521 - preprocessor - WARNING - Replaced inf/NaN values with 0 in engineered features
2026-02-08 19:37:13,521 - preprocessor - INFO - Encoding categorical features
2026-02-08 19:37:13,523 - preprocessor - INFO - Scaling features using robust
2026-02-08 19:37:13,525 - preprocessor - INFO - Transformed 25 numerical features
2026-02-08 19:37:13,525 - preprocessor - INFO - Preprocessing complete. Final shape: (2096, 36)
2026-02-08 19:37:13,526 - preprocessor - INFO - Split features and target: X shape = (2096, 35), y shape = (2096,)
2026-02-08 19:37:13,526 - pipeline - INFO - Processing test data (transform only)...
2026-02-08 19:37:13,526 - preprocessor - INFO - === Transforming test/validation data ===
2026-02-08 19:37:13,526 - preprocessor - INFO - Cleaning data
2026-02-08 19:37:13,526 - preprocessor - INFO - Dropped 1 unnamed column(s): ['Unnamed: 0']
2026-02-08 19:37:13,527 - preprocessor - INFO - Fixed duplicate 'eCommerce' categories in Industry
2026-02-08 19:37:13,528 - preprocessor - WARNING - Removed 3 duplicate rows
2026-02-08 19:37:13,528 - preprocessor - INFO - Handling missing values
2026-02-08 19:37:13,528 - preprocessor - INFO - Created LineOfCode_IsMissing indicator: 452 missing values
2026-02-08 19:37:13,529 - preprocessor - INFO - Imputed LineOfCode missing values with median: 629.0
2026-02-08 19:37:13,529 - preprocessor - INFO - Handling outliers with feature-specific strategies
2026-02-08 19:37:13,530 - preprocessor - INFO - Protecting NoOfURLRedirect - no outlier treatment (phishing indicator)
2026-02-08 19:37:13,530 - preprocessor - INFO - Protecting NoOfSelfRedirect - no outlier treatment (phishing indicator)
2026-02-08 19:37:13,530 - preprocessor - INFO - Protecting NoOfPopup - no outlier treatment (phishing indicator)
2026-02-08 19:37:13,530 - preprocessor - INFO - Protecting NoOfiFrame - no outlier treatment (phishing indicator)
2026-02-08 19:37:13,532 - preprocessor - INFO - Engineering features
2026-02-08 19:37:13,533 - preprocessor - INFO - Created 4 binary flag features
2026-02-08 19:37:13,534 - preprocessor - INFO - Created 2 ratio features
2026-02-08 19:37:13,534 - preprocessor - INFO - Created 2 aggregation features
2026-02-08 19:37:13,534 - preprocessor - INFO - Created 2 log-transformed features
2026-02-08 19:37:13,535 - preprocessor - INFO - Created DomainAge_Squared (will be excluded for linear models)
2026-02-08 19:37:13,536 - preprocessor - WARNING - Replaced inf/NaN values with 0 in engineered features
2026-02-08 19:37:13,536 - preprocessor - INFO - Encoding categorical features
2026-02-08 19:37:13,538 - preprocessor - INFO - Scaling features using robust
2026-02-08 19:37:13,540 - preprocessor - INFO - Transformed 25 numerical features
2026-02-08 19:37:13,540 - preprocessor - INFO - Preprocessing complete. Final shape: (2097, 36)
2026-02-08 19:37:13,541 - preprocessor - INFO - Split features and target: X shape = (2097, 35), y shape = (2097,)
2026-02-08 19:37:13,541 - pipeline - INFO - Processed shapes - Train: (6252, 35), Val: (2096, 35), Test: (2097, 35)
2026-02-08 19:37:13,541 - pipeline - INFO - 
================================================================================
2026-02-08 19:37:13,541 - pipeline - INFO - STEP 4: TRAINING MODELS
2026-02-08 19:37:13,541 - pipeline - INFO - ================================================================================
2026-02-08 19:37:13,541 - pipeline - INFO - NOTE: Each model will use only its TOP 10 features
2026-02-08 19:37:13,541 - pipeline - INFO -   - Tree models: Include DomainAge_Squared
2026-02-08 19:37:13,541 - pipeline - INFO -   - Linear models: Exclude DomainAge_Squared
2026-02-08 19:37:13,541 - pipeline - INFO - ================================================================================
2026-02-08 19:37:13,541 - trainer - INFO - ================================================================================
2026-02-08 19:37:13,541 - trainer - INFO - TRAINING ALL ENABLED MODELS
2026-02-08 19:37:13,541 - trainer - INFO - ================================================================================
2026-02-08 19:37:13,541 - trainer - INFO - Enabled models: ['random_forest', 'gradient_boosting', 'logistic_regression', 'xgboost']
2026-02-08 19:37:13,541 - trainer - INFO - ================================================================================
2026-02-08 19:37:13,541 - trainer - INFO - Training random_forest
2026-02-08 19:37:13,541 - trainer - INFO - ================================================================================
2026-02-08 19:37:13,541 - preprocessor - INFO - random_forest (tree-based): Using top 10 features (includes DomainAge_Squared)
2026-02-08 19:37:13,542 - preprocessor - INFO -   Features selected: 10 (from 35 total)
2026-02-08 19:37:13,542 - preprocessor - INFO -   Selected features: ['HostingProvider_Encoded', 'HasExternalRefs', 'IsResponsive', 'DomainAgeMonths', 'DomainAge_Squared', 'Robots', 'TotalReferences', 'NoOfiFrame', 'NoOfExternalRef', 'NoOfSelfRef']
2026-02-08 19:37:13,542 - trainer - INFO - Feature set shape: (6252, 10)
2026-02-08 19:37:13,542 - trainer - INFO - Stored 10 feature names for random_forest
2026-02-08 19:37:13,542 - trainer - INFO - Performing hyperparameter tuning (grid search)
2026-02-08 19:38:00,278 - pipeline - INFO - ================================================================================
2026-02-08 19:38:00,278 - pipeline - INFO - PHISHING DETECTION ML PIPELINE - START
2026-02-08 19:38:00,278 - pipeline - INFO - ================================================================================
2026-02-08 19:38:00,278 - pipeline - INFO - 
================================================================================
2026-02-08 19:38:00,279 - pipeline - INFO - STEP 1: LOADING DATA
2026-02-08 19:38:00,279 - pipeline - INFO - ================================================================================
2026-02-08 19:38:00,279 - data_loader - INFO - Loading data from /Users/geraldchan/Downloads/aiip8-GERALD_CHAN_WEIHENG_695B/src/data/phishing.db
2026-02-08 19:38:00,320 - data_loader - INFO - Loaded 10500 records from database
2026-02-08 19:38:00,320 - data_loader - INFO - Features: 16 columns
2026-02-08 19:38:00,321 - data_loader - INFO - Target distribution:
label
1    5779
0    4721
Name: count, dtype: int64
2026-02-08 19:38:00,325 - pipeline - INFO - Dataset summary: {'total_samples': 10500, 'n_features': 15, 'n_phishing': 4721, 'n_legitimate': 5779, 'phishing_percentage': 44.96190476190476, 'legitimate_percentage': 55.03809523809524, 'missing_values': 2355, 'duplicate_rows': 0}
2026-02-08 19:38:00,325 - pipeline - INFO - 
================================================================================
2026-02-08 19:38:00,325 - pipeline - INFO - STEP 2: SPLITTING DATA
2026-02-08 19:38:00,325 - pipeline - INFO - ================================================================================
2026-02-08 19:38:00,325 - data_loader - INFO - Splitting data into train/val/test sets
2026-02-08 19:38:00,332 - data_loader - INFO - Training set: 6300 samples (60.0%)
2026-02-08 19:38:00,332 - data_loader - INFO -   Class distribution: {1: 3467, 0: 2833}
2026-02-08 19:38:00,332 - data_loader - INFO - Validation set: 2100 samples (20.0%)
2026-02-08 19:38:00,332 - data_loader - INFO -   Class distribution: {1: 1156, 0: 944}
2026-02-08 19:38:00,332 - data_loader - INFO - Test set: 2100 samples (20.0%)
2026-02-08 19:38:00,332 - data_loader - INFO -   Class distribution: {1: 1156, 0: 944}
2026-02-08 19:38:00,332 - pipeline - INFO - 
================================================================================
2026-02-08 19:38:00,332 - pipeline - INFO - STEP 3: PREPROCESSING DATA
2026-02-08 19:38:00,332 - pipeline - INFO - ================================================================================
2026-02-08 19:38:00,332 - pipeline - INFO - Processing training data (fit + transform)...
2026-02-08 19:38:00,332 - preprocessor - INFO - === Fitting and transforming training data ===
2026-02-08 19:38:00,332 - preprocessor - INFO - Cleaning data
2026-02-08 19:38:00,333 - preprocessor - INFO - Dropped 1 unnamed column(s): ['Unnamed: 0']
2026-02-08 19:38:00,334 - preprocessor - INFO - Fixed duplicate 'eCommerce' categories in Industry
2026-02-08 19:38:00,337 - preprocessor - WARNING - Removed 48 duplicate rows
2026-02-08 19:38:00,337 - preprocessor - INFO - Handling missing values
2026-02-08 19:38:00,338 - preprocessor - INFO - Created LineOfCode_IsMissing indicator: 1408 missing values
2026-02-08 19:38:00,338 - preprocessor - INFO - Fitted LineOfCode median: 629.0
2026-02-08 19:38:00,339 - preprocessor - INFO - Imputed LineOfCode missing values with median: 629.0
2026-02-08 19:38:00,339 - preprocessor - INFO - Handling outliers with feature-specific strategies
2026-02-08 19:38:00,342 - preprocessor - INFO - Conservative clip LargestLineLength: [-23438.00, 31660.75] (3×IQR)
2026-02-08 19:38:00,343 - preprocessor - INFO - Protecting NoOfURLRedirect - no outlier treatment (phishing indicator)
2026-02-08 19:38:00,343 - preprocessor - INFO - Protecting NoOfSelfRedirect - no outlier treatment (phishing indicator)
2026-02-08 19:38:00,343 - preprocessor - INFO - Protecting NoOfPopup - no outlier treatment (phishing indicator)
2026-02-08 19:38:00,343 - preprocessor - INFO - Protecting NoOfiFrame - no outlier treatment (phishing indicator)
2026-02-08 19:38:00,343 - preprocessor - INFO - Extreme clip NoOfImage: upper bound = 292.98 (99th percentile)
2026-02-08 19:38:00,344 - preprocessor - INFO - Conservative clip NoOfSelfRef: [-261.00, 348.00] (3×IQR)
2026-02-08 19:38:00,345 - preprocessor - INFO - Conservative clip NoOfExternalRef: [-167.00, 225.00] (3×IQR)
2026-02-08 19:38:00,349 - preprocessor - INFO - Engineering features
2026-02-08 19:38:00,350 - preprocessor - INFO - Created 4 binary flag features
2026-02-08 19:38:00,351 - preprocessor - INFO - Created 2 ratio features
2026-02-08 19:38:00,351 - preprocessor - INFO - Created 2 aggregation features
2026-02-08 19:38:00,352 - preprocessor - INFO - Created 2 log-transformed features
2026-02-08 19:38:00,352 - preprocessor - INFO - Created DomainAge_Squared (will be excluded for linear models)
2026-02-08 19:38:00,355 - preprocessor - WARNING - Replaced inf/NaN values with 0 in engineered features
2026-02-08 19:38:00,355 - preprocessor - INFO - Encoding categorical features
2026-02-08 19:38:00,358 - preprocessor - INFO - One-hot encoded Industry: 10 features
2026-02-08 19:38:00,359 - preprocessor - INFO - Target encoded HostingProvider: 13 categories
2026-02-08 19:38:00,360 - preprocessor - INFO - Scaling features using robust
2026-02-08 19:38:00,370 - preprocessor - INFO - Fitted and transformed 25 numerical features
2026-02-08 19:38:00,370 - preprocessor - INFO - Preprocessing complete. Final shape: (6252, 36)
2026-02-08 19:38:00,371 - preprocessor - INFO - Split features and target: X shape = (6252, 35), y shape = (6252,)
2026-02-08 19:38:00,371 - pipeline - INFO - Processing validation data (transform only)...
2026-02-08 19:38:00,371 - preprocessor - INFO - === Transforming test/validation data ===
2026-02-08 19:38:00,371 - preprocessor - INFO - Cleaning data
2026-02-08 19:38:00,372 - preprocessor - INFO - Dropped 1 unnamed column(s): ['Unnamed: 0']
2026-02-08 19:38:00,372 - preprocessor - INFO - Fixed duplicate 'eCommerce' categories in Industry
2026-02-08 19:38:00,374 - preprocessor - WARNING - Removed 4 duplicate rows
2026-02-08 19:38:00,374 - preprocessor - INFO - Handling missing values
2026-02-08 19:38:00,374 - preprocessor - INFO - Created LineOfCode_IsMissing indicator: 472 missing values
2026-02-08 19:38:00,374 - preprocessor - INFO - Imputed LineOfCode missing values with median: 629.0
2026-02-08 19:38:00,374 - preprocessor - INFO - Handling outliers with feature-specific strategies
2026-02-08 19:38:00,376 - preprocessor - INFO - Protecting NoOfURLRedirect - no outlier treatment (phishing indicator)
2026-02-08 19:38:00,376 - preprocessor - INFO - Protecting NoOfSelfRedirect - no outlier treatment (phishing indicator)
2026-02-08 19:38:00,376 - preprocessor - INFO - Protecting NoOfPopup - no outlier treatment (phishing indicator)
2026-02-08 19:38:00,376 - preprocessor - INFO - Protecting NoOfiFrame - no outlier treatment (phishing indicator)
2026-02-08 19:38:00,378 - preprocessor - INFO - Engineering features
2026-02-08 19:38:00,379 - preprocessor - INFO - Created 4 binary flag features
2026-02-08 19:38:00,379 - preprocessor - INFO - Created 2 ratio features
2026-02-08 19:38:00,380 - preprocessor - INFO - Created 2 aggregation features
2026-02-08 19:38:00,380 - preprocessor - INFO - Created 2 log-transformed features
2026-02-08 19:38:00,380 - preprocessor - INFO - Created DomainAge_Squared (will be excluded for linear models)
2026-02-08 19:38:00,382 - preprocessor - WARNING - Replaced inf/NaN values with 0 in engineered features
2026-02-08 19:38:00,382 - preprocessor - INFO - Encoding categorical features
2026-02-08 19:38:00,384 - preprocessor - INFO - Scaling features using robust
2026-02-08 19:38:00,386 - preprocessor - INFO - Transformed 25 numerical features
2026-02-08 19:38:00,386 - preprocessor - INFO - Preprocessing complete. Final shape: (2096, 36)
2026-02-08 19:38:00,386 - preprocessor - INFO - Split features and target: X shape = (2096, 35), y shape = (2096,)
2026-02-08 19:38:00,386 - pipeline - INFO - Processing test data (transform only)...
2026-02-08 19:38:00,386 - preprocessor - INFO - === Transforming test/validation data ===
2026-02-08 19:38:00,386 - preprocessor - INFO - Cleaning data
2026-02-08 19:38:00,387 - preprocessor - INFO - Dropped 1 unnamed column(s): ['Unnamed: 0']
2026-02-08 19:38:00,387 - preprocessor - INFO - Fixed duplicate 'eCommerce' categories in Industry
2026-02-08 19:38:00,389 - preprocessor - WARNING - Removed 3 duplicate rows
2026-02-08 19:38:00,389 - preprocessor - INFO - Handling missing values
2026-02-08 19:38:00,389 - preprocessor - INFO - Created LineOfCode_IsMissing indicator: 452 missing values
2026-02-08 19:38:00,389 - preprocessor - INFO - Imputed LineOfCode missing values with median: 629.0
2026-02-08 19:38:00,390 - preprocessor - INFO - Handling outliers with feature-specific strategies
2026-02-08 19:38:00,391 - preprocessor - INFO - Protecting NoOfURLRedirect - no outlier treatment (phishing indicator)
2026-02-08 19:38:00,391 - preprocessor - INFO - Protecting NoOfSelfRedirect - no outlier treatment (phishing indicator)
2026-02-08 19:38:00,391 - preprocessor - INFO - Protecting NoOfPopup - no outlier treatment (phishing indicator)
2026-02-08 19:38:00,391 - preprocessor - INFO - Protecting NoOfiFrame - no outlier treatment (phishing indicator)
2026-02-08 19:38:00,393 - preprocessor - INFO - Engineering features
2026-02-08 19:38:00,394 - preprocessor - INFO - Created 4 binary flag features
2026-02-08 19:38:00,394 - preprocessor - INFO - Created 2 ratio features
2026-02-08 19:38:00,395 - preprocessor - INFO - Created 2 aggregation features
2026-02-08 19:38:00,395 - preprocessor - INFO - Created 2 log-transformed features
2026-02-08 19:38:00,395 - preprocessor - INFO - Created DomainAge_Squared (will be excluded for linear models)
2026-02-08 19:38:00,396 - preprocessor - WARNING - Replaced inf/NaN values with 0 in engineered features
2026-02-08 19:38:00,397 - preprocessor - INFO - Encoding categorical features
2026-02-08 19:38:00,399 - preprocessor - INFO - Scaling features using robust
2026-02-08 19:38:00,401 - preprocessor - INFO - Transformed 25 numerical features
2026-02-08 19:38:00,401 - preprocessor - INFO - Preprocessing complete. Final shape: (2097, 36)
2026-02-08 19:38:00,401 - preprocessor - INFO - Split features and target: X shape = (2097, 35), y shape = (2097,)
2026-02-08 19:38:00,401 - pipeline - INFO - Processed shapes - Train: (6252, 35), Val: (2096, 35), Test: (2097, 35)
2026-02-08 19:38:00,401 - pipeline - INFO - 
================================================================================
2026-02-08 19:38:00,401 - pipeline - INFO - STEP 4: TRAINING MODELS
2026-02-08 19:38:00,401 - pipeline - INFO - ================================================================================
2026-02-08 19:38:00,401 - pipeline - INFO - NOTE: Each model will use only its TOP 10 features
2026-02-08 19:38:00,401 - pipeline - INFO -   - Tree models: Include DomainAge_Squared
2026-02-08 19:38:00,401 - pipeline - INFO -   - Linear models: Exclude DomainAge_Squared
2026-02-08 19:38:00,401 - pipeline - INFO - ================================================================================
2026-02-08 19:38:00,401 - trainer - INFO - ================================================================================
2026-02-08 19:38:00,401 - trainer - INFO - TRAINING ALL ENABLED MODELS
2026-02-08 19:38:00,401 - trainer - INFO - ================================================================================
2026-02-08 19:38:00,401 - trainer - INFO - Enabled models: ['random_forest', 'gradient_boosting', 'logistic_regression', 'xgboost']
2026-02-08 19:38:00,401 - trainer - INFO - ================================================================================
2026-02-08 19:38:00,401 - trainer - INFO - Training random_forest
2026-02-08 19:38:00,402 - trainer - INFO - ================================================================================
2026-02-08 19:38:00,402 - preprocessor - INFO - random_forest (tree-based): Using top 10 features (includes DomainAge_Squared)
2026-02-08 19:38:00,403 - preprocessor - INFO -   Features selected: 10 (from 35 total)
2026-02-08 19:38:00,403 - preprocessor - INFO -   Selected features: ['HostingProvider_Encoded', 'HasExternalRefs', 'IsResponsive', 'DomainAgeMonths', 'DomainAge_Squared', 'Robots', 'TotalReferences', 'NoOfiFrame', 'NoOfExternalRef', 'NoOfSelfRef']
2026-02-08 19:38:00,403 - trainer - INFO - Feature set shape: (6252, 10)
2026-02-08 19:38:00,403 - trainer - INFO - Stored 10 feature names for random_forest
2026-02-08 19:38:00,403 - trainer - INFO - Performing hyperparameter tuning (grid search)
2026-02-08 19:44:15,261 - trainer - INFO - Best parameters: {'max_depth': 20, 'max_features': 'sqrt', 'min_samples_leaf': 2, 'min_samples_split': 20, 'n_estimators': 300}
2026-02-08 19:44:15,262 - trainer - INFO - Best CV f1: 0.8218
2026-02-08 19:44:15,262 - trainer - INFO - Training completed in 374.86 seconds
2026-02-08 19:44:15,262 - trainer - INFO - ================================================================================

2026-02-08 19:44:15,262 - trainer - INFO - ================================================================================
2026-02-08 19:44:15,262 - trainer - INFO - Training gradient_boosting
2026-02-08 19:44:15,262 - trainer - INFO - ================================================================================
2026-02-08 19:44:15,262 - preprocessor - INFO - gradient_boosting (tree-based): Using top 10 features (includes DomainAge_Squared)
2026-02-08 19:44:15,263 - preprocessor - INFO -   Features selected: 10 (from 35 total)
2026-02-08 19:44:15,263 - preprocessor - INFO -   Selected features: ['HostingProvider_Encoded', 'HasExternalRefs', 'IsResponsive', 'DomainAgeMonths', 'DomainAge_Squared', 'Robots', 'TotalReferences', 'NoOfiFrame', 'NoOfExternalRef', 'NoOfSelfRef']
2026-02-08 19:44:15,263 - trainer - INFO - Feature set shape: (6252, 10)
2026-02-08 19:44:15,263 - trainer - INFO - Stored 10 feature names for gradient_boosting
2026-02-08 19:44:15,263 - trainer - INFO - Performing hyperparameter tuning (grid search)
2026-02-08 19:48:19,010 - trainer - INFO - Best parameters: {'learning_rate': 0.01, 'max_depth': 4, 'n_estimators': 500, 'subsample': 0.7}
2026-02-08 19:48:19,011 - trainer - INFO - Best CV f1: 0.8229
2026-02-08 19:48:19,011 - trainer - INFO - Training completed in 243.75 seconds
2026-02-08 19:48:19,011 - trainer - INFO - ================================================================================

2026-02-08 19:48:19,011 - trainer - INFO - ================================================================================
2026-02-08 19:48:19,011 - trainer - INFO - Training logistic_regression
2026-02-08 19:48:19,011 - trainer - INFO - ================================================================================
2026-02-08 19:48:19,011 - preprocessor - INFO - logistic_regression (linear): Using top 10 features (excludes DomainAge_Squared)
2026-02-08 19:48:19,012 - preprocessor - INFO -   Features selected: 10 (from 35 total)
2026-02-08 19:48:19,012 - preprocessor - INFO -   Selected features: ['HostingProvider_Encoded', 'HasExternalRefs', 'IsResponsive', 'DomainAgeMonths', 'Robots', 'TotalReferences', 'NoOfiFrame', 'NoOfExternalRef', 'NoOfSelfRef', 'HasPopups']
2026-02-08 19:48:19,012 - trainer - INFO - Feature set shape: (6252, 10)
2026-02-08 19:48:19,012 - trainer - INFO - Stored 10 feature names for logistic_regression
2026-02-08 19:48:19,012 - trainer - INFO - Performing hyperparameter tuning (grid search)
2026-02-08 19:48:20,722 - trainer - INFO - Best parameters: {'C': 1.0, 'penalty': 'l1', 'solver': 'liblinear'}
2026-02-08 19:48:20,722 - trainer - INFO - Best CV f1: 0.8163
2026-02-08 19:48:20,722 - trainer - INFO - Training completed in 1.71 seconds
2026-02-08 19:48:20,722 - trainer - INFO - ================================================================================

2026-02-08 19:48:20,722 - trainer - INFO - ================================================================================
2026-02-08 19:48:20,722 - trainer - INFO - Training xgboost
2026-02-08 19:48:20,722 - trainer - INFO - ================================================================================
2026-02-08 19:48:20,722 - preprocessor - INFO - xgboost (tree-based): Using top 10 features (includes DomainAge_Squared)
2026-02-08 19:48:20,723 - preprocessor - INFO -   Features selected: 10 (from 35 total)
2026-02-08 19:48:20,723 - preprocessor - INFO -   Selected features: ['HostingProvider_Encoded', 'HasExternalRefs', 'IsResponsive', 'DomainAgeMonths', 'DomainAge_Squared', 'Robots', 'TotalReferences', 'NoOfiFrame', 'NoOfExternalRef', 'NoOfSelfRef']
2026-02-08 19:48:20,723 - trainer - INFO - Feature set shape: (6252, 10)
2026-02-08 19:48:20,723 - trainer - INFO - Stored 10 feature names for xgboost
2026-02-08 19:48:20,724 - trainer - INFO - Performing hyperparameter tuning (grid search)
2026-02-08 22:32:21,470 - pipeline - INFO - ================================================================================
2026-02-08 22:32:21,470 - pipeline - INFO - PHISHING DETECTION ML PIPELINE - START
2026-02-08 22:32:21,470 - pipeline - INFO - ================================================================================
2026-02-08 22:32:21,471 - pipeline - INFO - 
================================================================================
2026-02-08 22:32:21,471 - pipeline - INFO - STEP 1: LOADING DATA
2026-02-08 22:32:21,471 - pipeline - INFO - ================================================================================
2026-02-08 22:32:21,471 - data_loader - INFO - Loading data from /Users/geraldchan/Downloads/aiip8-GERALD_CHAN_WEIHENG_695B/src/data/phishing.db
2026-02-08 22:32:21,500 - data_loader - INFO - Loaded 10500 records from database
2026-02-08 22:32:21,500 - data_loader - INFO - Features: 16 columns
2026-02-08 22:32:21,501 - data_loader - INFO - Target distribution:
label
1    5779
0    4721
Name: count, dtype: int64
2026-02-08 22:32:21,504 - pipeline - INFO - Dataset summary: {'total_samples': 10500, 'n_features': 15, 'n_phishing': 4721, 'n_legitimate': 5779, 'phishing_percentage': 44.96190476190476, 'legitimate_percentage': 55.03809523809524, 'missing_values': 2355, 'duplicate_rows': 0}
2026-02-08 22:32:21,505 - pipeline - INFO - 
================================================================================
2026-02-08 22:32:21,505 - pipeline - INFO - STEP 2: SPLITTING DATA
2026-02-08 22:32:21,505 - pipeline - INFO - ================================================================================
2026-02-08 22:32:21,505 - data_loader - INFO - Splitting data into train/val/test sets
2026-02-08 22:32:21,509 - data_loader - INFO - Training set: 6300 samples (60.0%)
2026-02-08 22:32:21,509 - data_loader - INFO -   Class distribution: {1: 3467, 0: 2833}
2026-02-08 22:32:21,509 - data_loader - INFO - Validation set: 2100 samples (20.0%)
2026-02-08 22:32:21,509 - data_loader - INFO -   Class distribution: {1: 1156, 0: 944}
2026-02-08 22:32:21,509 - data_loader - INFO - Test set: 2100 samples (20.0%)
2026-02-08 22:32:21,509 - data_loader - INFO -   Class distribution: {1: 1156, 0: 944}
2026-02-08 22:32:21,509 - pipeline - INFO - 
================================================================================
2026-02-08 22:32:21,509 - pipeline - INFO - STEP 3: PREPROCESSING DATA
2026-02-08 22:32:21,509 - pipeline - INFO - ================================================================================
2026-02-08 22:32:21,509 - pipeline - INFO - Processing training data (fit + transform)...
2026-02-08 22:32:21,509 - preprocessor - INFO - === Fitting and transforming training data ===
2026-02-08 22:32:21,509 - preprocessor - INFO - Cleaning data
2026-02-08 22:32:21,510 - preprocessor - INFO - Dropped 1 unnamed column(s): ['Unnamed: 0']
2026-02-08 22:32:21,510 - preprocessor - INFO - Fixed duplicate 'eCommerce' categories in Industry
2026-02-08 22:32:21,512 - preprocessor - WARNING - Removed 48 duplicate rows
2026-02-08 22:32:21,512 - preprocessor - INFO - Handling missing values
2026-02-08 22:32:21,512 - preprocessor - INFO - Created LineOfCode_IsMissing indicator: 1408 missing values
2026-02-08 22:32:21,512 - preprocessor - INFO - Fitted LineOfCode median: 629.0
2026-02-08 22:32:21,513 - preprocessor - INFO - Imputed LineOfCode missing values with median: 629.0
2026-02-08 22:32:21,513 - preprocessor - INFO - Handling outliers with feature-specific strategies
2026-02-08 22:32:21,515 - preprocessor - INFO - Conservative clip LargestLineLength: [-23438.00, 31660.75] (3×IQR)
2026-02-08 22:32:21,515 - preprocessor - INFO - Protecting NoOfURLRedirect - no outlier treatment (phishing indicator)
2026-02-08 22:32:21,515 - preprocessor - INFO - Protecting NoOfSelfRedirect - no outlier treatment (phishing indicator)
2026-02-08 22:32:21,515 - preprocessor - INFO - Protecting NoOfPopup - no outlier treatment (phishing indicator)
2026-02-08 22:32:21,515 - preprocessor - INFO - Protecting NoOfiFrame - no outlier treatment (phishing indicator)
2026-02-08 22:32:21,516 - preprocessor - INFO - Extreme clip NoOfImage: upper bound = 292.98 (99th percentile)
2026-02-08 22:32:21,516 - preprocessor - INFO - Conservative clip NoOfSelfRef: [-261.00, 348.00] (3×IQR)
2026-02-08 22:32:21,517 - preprocessor - INFO - Conservative clip NoOfExternalRef: [-167.00, 225.00] (3×IQR)
2026-02-08 22:32:21,519 - preprocessor - INFO - Engineering features
2026-02-08 22:32:21,519 - preprocessor - INFO - Created 4 binary flag features
2026-02-08 22:32:21,520 - preprocessor - INFO - Created 2 ratio features
2026-02-08 22:32:21,520 - preprocessor - INFO - Created 2 aggregation features
2026-02-08 22:32:21,521 - preprocessor - INFO - Created 2 log-transformed features
2026-02-08 22:32:21,521 - preprocessor - INFO - Created DomainAge_Squared (will be excluded for linear models)
2026-02-08 22:32:21,523 - preprocessor - WARNING - Replaced inf/NaN values with 0 in engineered features
2026-02-08 22:32:21,523 - preprocessor - INFO - Encoding categorical features
2026-02-08 22:32:21,524 - preprocessor - INFO - One-hot encoded Industry: 10 features
2026-02-08 22:32:21,527 - preprocessor - INFO - Target encoded HostingProvider: 13 categories
2026-02-08 22:32:21,527 - preprocessor - INFO - Scaling features using robust
2026-02-08 22:32:21,532 - preprocessor - INFO - Fitted and transformed 25 numerical features
2026-02-08 22:32:21,533 - preprocessor - INFO - Preprocessing complete. Final shape: (6252, 36)
2026-02-08 22:32:21,533 - preprocessor - INFO - Split features and target: X shape = (6252, 35), y shape = (6252,)
2026-02-08 22:32:21,533 - pipeline - INFO - Processing validation data (transform only)...
2026-02-08 22:32:21,533 - preprocessor - INFO - === Transforming test/validation data ===
2026-02-08 22:32:21,533 - preprocessor - INFO - Cleaning data
2026-02-08 22:32:21,533 - preprocessor - INFO - Dropped 1 unnamed column(s): ['Unnamed: 0']
2026-02-08 22:32:21,533 - preprocessor - INFO - Fixed duplicate 'eCommerce' categories in Industry
2026-02-08 22:32:21,534 - preprocessor - WARNING - Removed 4 duplicate rows
2026-02-08 22:32:21,534 - preprocessor - INFO - Handling missing values
2026-02-08 22:32:21,534 - preprocessor - INFO - Created LineOfCode_IsMissing indicator: 472 missing values
2026-02-08 22:32:21,535 - preprocessor - INFO - Imputed LineOfCode missing values with median: 629.0
2026-02-08 22:32:21,535 - preprocessor - INFO - Handling outliers with feature-specific strategies
2026-02-08 22:32:21,535 - preprocessor - INFO - Protecting NoOfURLRedirect - no outlier treatment (phishing indicator)
2026-02-08 22:32:21,535 - preprocessor - INFO - Protecting NoOfSelfRedirect - no outlier treatment (phishing indicator)
2026-02-08 22:32:21,535 - preprocessor - INFO - Protecting NoOfPopup - no outlier treatment (phishing indicator)
2026-02-08 22:32:21,535 - preprocessor - INFO - Protecting NoOfiFrame - no outlier treatment (phishing indicator)
2026-02-08 22:32:21,537 - preprocessor - INFO - Engineering features
2026-02-08 22:32:21,537 - preprocessor - INFO - Created 4 binary flag features
2026-02-08 22:32:21,537 - preprocessor - INFO - Created 2 ratio features
2026-02-08 22:32:21,538 - preprocessor - INFO - Created 2 aggregation features
2026-02-08 22:32:21,538 - preprocessor - INFO - Created 2 log-transformed features
2026-02-08 22:32:21,538 - preprocessor - INFO - Created DomainAge_Squared (will be excluded for linear models)
2026-02-08 22:32:21,539 - preprocessor - WARNING - Replaced inf/NaN values with 0 in engineered features
2026-02-08 22:32:21,539 - preprocessor - INFO - Encoding categorical features
2026-02-08 22:32:21,540 - preprocessor - INFO - Scaling features using robust
2026-02-08 22:32:21,541 - preprocessor - INFO - Transformed 25 numerical features
2026-02-08 22:32:21,541 - preprocessor - INFO - Preprocessing complete. Final shape: (2096, 36)
2026-02-08 22:32:21,542 - preprocessor - INFO - Split features and target: X shape = (2096, 35), y shape = (2096,)
2026-02-08 22:32:21,542 - pipeline - INFO - Processing test data (transform only)...
2026-02-08 22:32:21,542 - preprocessor - INFO - === Transforming test/validation data ===
2026-02-08 22:32:21,542 - preprocessor - INFO - Cleaning data
2026-02-08 22:32:21,542 - preprocessor - INFO - Dropped 1 unnamed column(s): ['Unnamed: 0']
2026-02-08 22:32:21,542 - preprocessor - INFO - Fixed duplicate 'eCommerce' categories in Industry
2026-02-08 22:32:21,543 - preprocessor - WARNING - Removed 3 duplicate rows
2026-02-08 22:32:21,543 - preprocessor - INFO - Handling missing values
2026-02-08 22:32:21,543 - preprocessor - INFO - Created LineOfCode_IsMissing indicator: 452 missing values
2026-02-08 22:32:21,543 - preprocessor - INFO - Imputed LineOfCode missing values with median: 629.0
2026-02-08 22:32:21,543 - preprocessor - INFO - Handling outliers with feature-specific strategies
2026-02-08 22:32:21,544 - preprocessor - INFO - Protecting NoOfURLRedirect - no outlier treatment (phishing indicator)
2026-02-08 22:32:21,544 - preprocessor - INFO - Protecting NoOfSelfRedirect - no outlier treatment (phishing indicator)
2026-02-08 22:32:21,544 - preprocessor - INFO - Protecting NoOfPopup - no outlier treatment (phishing indicator)
2026-02-08 22:32:21,544 - preprocessor - INFO - Protecting NoOfiFrame - no outlier treatment (phishing indicator)
2026-02-08 22:32:21,545 - preprocessor - INFO - Engineering features
2026-02-08 22:32:21,546 - preprocessor - INFO - Created 4 binary flag features
2026-02-08 22:32:21,546 - preprocessor - INFO - Created 2 ratio features
2026-02-08 22:32:21,546 - preprocessor - INFO - Created 2 aggregation features
2026-02-08 22:32:21,547 - preprocessor - INFO - Created 2 log-transformed features
2026-02-08 22:32:21,547 - preprocessor - INFO - Created DomainAge_Squared (will be excluded for linear models)
2026-02-08 22:32:21,547 - preprocessor - WARNING - Replaced inf/NaN values with 0 in engineered features
2026-02-08 22:32:21,547 - preprocessor - INFO - Encoding categorical features
2026-02-08 22:32:21,548 - preprocessor - INFO - Scaling features using robust
2026-02-08 22:32:21,550 - preprocessor - INFO - Transformed 25 numerical features
2026-02-08 22:32:21,550 - preprocessor - INFO - Preprocessing complete. Final shape: (2097, 36)
2026-02-08 22:32:21,550 - preprocessor - INFO - Split features and target: X shape = (2097, 35), y shape = (2097,)
2026-02-08 22:32:21,550 - pipeline - INFO - Processed shapes - Train: (6252, 35), Val: (2096, 35), Test: (2097, 35)
2026-02-08 22:32:21,550 - pipeline - INFO - 
================================================================================
2026-02-08 22:32:21,550 - pipeline - INFO - STEP 4: TRAINING MODELS
2026-02-08 22:32:21,550 - pipeline - INFO - ================================================================================
2026-02-08 22:32:21,550 - pipeline - INFO - NOTE: Each model will use only its TOP 10 features
2026-02-08 22:32:21,550 - pipeline - INFO -   - Tree models: Include DomainAge_Squared
2026-02-08 22:32:21,550 - pipeline - INFO -   - Linear models: Exclude DomainAge_Squared
2026-02-08 22:32:21,550 - pipeline - INFO - ================================================================================
2026-02-08 22:32:21,550 - trainer - INFO - ================================================================================
2026-02-08 22:32:21,550 - trainer - INFO - TRAINING ALL ENABLED MODELS
2026-02-08 22:32:21,550 - trainer - INFO - ================================================================================
2026-02-08 22:32:21,550 - trainer - INFO - Enabled models: ['random_forest', 'gradient_boosting', 'logistic_regression', 'xgboost']
2026-02-08 22:32:21,550 - trainer - INFO - ================================================================================
2026-02-08 22:32:21,550 - trainer - INFO - Training random_forest
2026-02-08 22:32:21,550 - trainer - INFO - ================================================================================
2026-02-08 22:32:21,550 - preprocessor - INFO - random_forest (tree-based): Using top 10 features (includes DomainAge_Squared)
2026-02-08 22:32:21,551 - preprocessor - INFO -   Features selected: 10 (from 35 total)
2026-02-08 22:32:21,551 - preprocessor - INFO -   Selected features: ['HostingProvider_Encoded', 'HasExternalRefs', 'IsResponsive', 'DomainAgeMonths', 'DomainAge_Squared', 'Robots', 'TotalReferences', 'NoOfiFrame', 'NoOfExternalRef', 'NoOfSelfRef']
2026-02-08 22:32:21,551 - trainer - INFO - Feature set shape: (6252, 10)
2026-02-08 22:32:21,551 - trainer - INFO - Stored 10 feature names for random_forest
2026-02-08 22:32:21,551 - trainer - INFO - Performing hyperparameter tuning (grid search)
2026-02-08 22:37:37,764 - trainer - INFO - Best parameters: {'max_depth': 20, 'max_features': 'sqrt', 'min_samples_leaf': 2, 'min_samples_split': 20, 'n_estimators': 300}
2026-02-08 22:37:37,764 - trainer - INFO - Best CV f1: 0.8218
2026-02-08 22:37:37,764 - trainer - INFO - Training completed in 316.21 seconds
2026-02-08 22:37:37,764 - trainer - INFO - ================================================================================

2026-02-08 22:37:37,764 - trainer - INFO - ================================================================================
2026-02-08 22:37:37,764 - trainer - INFO - Training gradient_boosting
2026-02-08 22:37:37,764 - trainer - INFO - ================================================================================
2026-02-08 22:37:37,764 - preprocessor - INFO - gradient_boosting (tree-based): Using top 10 features (includes DomainAge_Squared)
2026-02-08 22:37:37,765 - preprocessor - INFO -   Features selected: 10 (from 35 total)
2026-02-08 22:37:37,765 - preprocessor - INFO -   Selected features: ['HostingProvider_Encoded', 'HasExternalRefs', 'IsResponsive', 'DomainAgeMonths', 'DomainAge_Squared', 'Robots', 'TotalReferences', 'NoOfiFrame', 'NoOfExternalRef', 'NoOfSelfRef']
2026-02-08 22:37:37,765 - trainer - INFO - Feature set shape: (6252, 10)
2026-02-08 22:37:37,766 - trainer - INFO - Stored 10 feature names for gradient_boosting
2026-02-08 22:37:37,766 - trainer - INFO - Performing hyperparameter tuning (grid search)
2026-02-08 22:41:04,133 - trainer - INFO - Best parameters: {'learning_rate': 0.01, 'max_depth': 4, 'n_estimators': 500, 'subsample': 0.7}
2026-02-08 22:41:04,134 - trainer - INFO - Best CV f1: 0.8229
2026-02-08 22:41:04,134 - trainer - INFO - Training completed in 206.37 seconds
2026-02-08 22:41:04,134 - trainer - INFO - ================================================================================

2026-02-08 22:41:04,134 - trainer - INFO - ================================================================================
2026-02-08 22:41:04,134 - trainer - INFO - Training logistic_regression
2026-02-08 22:41:04,134 - trainer - INFO - ================================================================================
2026-02-08 22:41:04,134 - preprocessor - INFO - logistic_regression (linear): Using top 10 features (excludes DomainAge_Squared)
2026-02-08 22:41:04,135 - preprocessor - INFO -   Features selected: 10 (from 35 total)
2026-02-08 22:41:04,135 - preprocessor - INFO -   Selected features: ['HostingProvider_Encoded', 'HasExternalRefs', 'IsResponsive', 'DomainAgeMonths', 'Robots', 'TotalReferences', 'NoOfiFrame', 'NoOfExternalRef', 'NoOfSelfRef', 'HasPopups']
2026-02-08 22:41:04,135 - trainer - INFO - Feature set shape: (6252, 10)
2026-02-08 22:41:04,135 - trainer - INFO - Stored 10 feature names for logistic_regression
2026-02-08 22:41:04,135 - trainer - INFO - Performing hyperparameter tuning (grid search)
2026-02-08 22:41:05,784 - trainer - INFO - Best parameters: {'C': 1.0, 'penalty': 'l1', 'solver': 'liblinear'}
2026-02-08 22:41:05,784 - trainer - INFO - Best CV f1: 0.8163
2026-02-08 22:41:05,784 - trainer - INFO - Training completed in 1.65 seconds
2026-02-08 22:41:05,784 - trainer - INFO - ================================================================================

2026-02-08 22:41:05,784 - trainer - INFO - ================================================================================
2026-02-08 22:41:05,784 - trainer - INFO - Training xgboost
2026-02-08 22:41:05,784 - trainer - INFO - ================================================================================
2026-02-08 22:41:05,784 - preprocessor - INFO - xgboost (tree-based): Using top 10 features (includes DomainAge_Squared)
2026-02-08 22:41:05,785 - preprocessor - INFO -   Features selected: 10 (from 35 total)
2026-02-08 22:41:05,785 - preprocessor - INFO -   Selected features: ['HostingProvider_Encoded', 'HasExternalRefs', 'IsResponsive', 'DomainAgeMonths', 'DomainAge_Squared', 'Robots', 'TotalReferences', 'NoOfiFrame', 'NoOfExternalRef', 'NoOfSelfRef']
2026-02-08 22:41:05,785 - trainer - INFO - Feature set shape: (6252, 10)
2026-02-08 22:41:05,785 - trainer - INFO - Stored 10 feature names for xgboost
2026-02-08 22:41:05,785 - trainer - INFO - Performing hyperparameter tuning (grid search)
2026-02-08 22:42:04,944 - trainer - INFO - Best parameters: {'colsample_bytree': 0.9, 'learning_rate': 0.01, 'max_depth': 4, 'n_estimators': 700, 'subsample': 0.8}
2026-02-08 22:42:04,944 - trainer - INFO - Best CV f1: 0.8231
2026-02-08 22:42:04,944 - trainer - INFO - Training completed in 59.16 seconds
2026-02-08 22:42:04,944 - trainer - INFO - ================================================================================

2026-02-08 22:42:04,944 - trainer - INFO - ================================================================================
2026-02-08 22:42:04,944 - trainer - INFO - ALL MODELS TRAINED
2026-02-08 22:42:04,944 - trainer - INFO - ================================================================================
2026-02-08 22:42:04,945 - pipeline - INFO - 
Training Summary:
2026-02-08 22:42:04,948 - pipeline - INFO - 
                              model_name training_time cv_score_mean cv_score_std                                                                                                     best_params feature_count
xgboost                          xgboost     59.159417       0.82311       0.0139         {'colsample_bytree': 0.9, 'learning_rate': 0.01, 'max_depth': 4, 'n_estimators': 700, 'subsample': 0.8}            10
gradient_boosting      gradient_boosting    206.368244      0.822919     0.012495                                  {'learning_rate': 0.01, 'max_depth': 4, 'n_estimators': 500, 'subsample': 0.7}            10
random_forest              random_forest    316.213725      0.821828     0.013939  {'max_depth': 20, 'max_features': 'sqrt', 'min_samples_leaf': 2, 'min_samples_split': 20, 'n_estimators': 300}            10
logistic_regression  logistic_regression      1.649173      0.816342     0.011264                                                              {'C': 1.0, 'penalty': 'l1', 'solver': 'liblinear'}            10
2026-02-08 22:42:04,948 - pipeline - INFO - 
================================================================================
2026-02-08 22:42:04,948 - pipeline - INFO - STEP 5: EVALUATING MODELS
2026-02-08 22:42:04,948 - pipeline - INFO - ================================================================================
2026-02-08 22:42:04,948 - evaluator - INFO - ================================================================================
2026-02-08 22:42:04,948 - evaluator - INFO - EVALUATING ALL MODELS
2026-02-08 22:42:04,948 - evaluator - INFO - ================================================================================
2026-02-08 22:42:04,948 - preprocessor - INFO - random_forest (tree-based): Using top 10 features (includes DomainAge_Squared)
2026-02-08 22:42:04,949 - preprocessor - INFO -   Features selected: 10 (from 35 total)
2026-02-08 22:42:04,949 - preprocessor - INFO -   Selected features: ['HostingProvider_Encoded', 'HasExternalRefs', 'IsResponsive', 'DomainAgeMonths', 'DomainAge_Squared', 'Robots', 'TotalReferences', 'NoOfiFrame', 'NoOfExternalRef', 'NoOfSelfRef']
2026-02-08 22:42:04,987 - preprocessor - INFO - random_forest (tree-based): Using top 10 features (includes DomainAge_Squared)
2026-02-08 22:42:04,988 - preprocessor - INFO -   Features selected: 10 (from 35 total)
2026-02-08 22:42:04,988 - preprocessor - INFO -   Selected features: ['HostingProvider_Encoded', 'HasExternalRefs', 'IsResponsive', 'DomainAgeMonths', 'DomainAge_Squared', 'Robots', 'TotalReferences', 'NoOfiFrame', 'NoOfExternalRef', 'NoOfSelfRef']
2026-02-08 22:42:05,015 - evaluator - INFO - Evaluating random_forest
2026-02-08 22:42:05,020 - evaluator - INFO - random_forest Results:
2026-02-08 22:42:05,020 - evaluator - INFO -   Accuracy:  0.7907
2026-02-08 22:42:05,020 - evaluator - INFO -   Precision: 0.8027
2026-02-08 22:42:05,020 - evaluator - INFO -   Recall:    0.8215
2026-02-08 22:42:05,020 - evaluator - INFO -   F1 Score:  0.8120
2026-02-08 22:42:05,020 - evaluator - INFO -   ROC-AUC:   0.7915
2026-02-08 22:42:05,020 - preprocessor - INFO - gradient_boosting (tree-based): Using top 10 features (includes DomainAge_Squared)
2026-02-08 22:42:05,021 - preprocessor - INFO -   Features selected: 10 (from 35 total)
2026-02-08 22:42:05,021 - preprocessor - INFO -   Selected features: ['HostingProvider_Encoded', 'HasExternalRefs', 'IsResponsive', 'DomainAgeMonths', 'DomainAge_Squared', 'Robots', 'TotalReferences', 'NoOfiFrame', 'NoOfExternalRef', 'NoOfSelfRef']
2026-02-08 22:42:05,035 - preprocessor - INFO - gradient_boosting (tree-based): Using top 10 features (includes DomainAge_Squared)
2026-02-08 22:42:05,035 - preprocessor - INFO -   Features selected: 10 (from 35 total)
2026-02-08 22:42:05,035 - preprocessor - INFO -   Selected features: ['HostingProvider_Encoded', 'HasExternalRefs', 'IsResponsive', 'DomainAgeMonths', 'DomainAge_Squared', 'Robots', 'TotalReferences', 'NoOfiFrame', 'NoOfExternalRef', 'NoOfSelfRef']
2026-02-08 22:42:05,049 - evaluator - INFO - Evaluating gradient_boosting
2026-02-08 22:42:05,053 - evaluator - INFO - gradient_boosting Results:
2026-02-08 22:42:05,053 - evaluator - INFO -   Accuracy:  0.7916
2026-02-08 22:42:05,053 - evaluator - INFO -   Precision: 0.8030
2026-02-08 22:42:05,053 - evaluator - INFO -   Recall:    0.8232
2026-02-08 22:42:05,053 - evaluator - INFO -   F1 Score:  0.8130
2026-02-08 22:42:05,053 - evaluator - INFO -   ROC-AUC:   0.7953
2026-02-08 22:42:05,053 - preprocessor - INFO - logistic_regression (linear): Using top 10 features (excludes DomainAge_Squared)
2026-02-08 22:42:05,053 - preprocessor - INFO -   Features selected: 10 (from 35 total)
2026-02-08 22:42:05,053 - preprocessor - INFO -   Selected features: ['HostingProvider_Encoded', 'HasExternalRefs', 'IsResponsive', 'DomainAgeMonths', 'Robots', 'TotalReferences', 'NoOfiFrame', 'NoOfExternalRef', 'NoOfSelfRef', 'HasPopups']
2026-02-08 22:42:05,054 - preprocessor - INFO - logistic_regression (linear): Using top 10 features (excludes DomainAge_Squared)
2026-02-08 22:42:05,055 - preprocessor - INFO -   Features selected: 10 (from 35 total)
2026-02-08 22:42:05,056 - preprocessor - INFO -   Selected features: ['HostingProvider_Encoded', 'HasExternalRefs', 'IsResponsive', 'DomainAgeMonths', 'Robots', 'TotalReferences', 'NoOfiFrame', 'NoOfExternalRef', 'NoOfSelfRef', 'HasPopups']
2026-02-08 22:42:05,061 - evaluator - INFO - Evaluating logistic_regression
2026-02-08 22:42:05,072 - evaluator - INFO - logistic_regression Results:
2026-02-08 22:42:05,072 - evaluator - INFO -   Accuracy:  0.7792
2026-02-08 22:42:05,072 - evaluator - INFO -   Precision: 0.7896
2026-02-08 22:42:05,072 - evaluator - INFO -   Recall:    0.8163
2026-02-08 22:42:05,072 - evaluator - INFO -   F1 Score:  0.8027
2026-02-08 22:42:05,072 - evaluator - INFO -   ROC-AUC:   0.7960
2026-02-08 22:42:05,072 - preprocessor - INFO - xgboost (tree-based): Using top 10 features (includes DomainAge_Squared)
2026-02-08 22:42:05,073 - preprocessor - INFO -   Features selected: 10 (from 35 total)
2026-02-08 22:42:05,073 - preprocessor - INFO -   Selected features: ['HostingProvider_Encoded', 'HasExternalRefs', 'IsResponsive', 'DomainAgeMonths', 'DomainAge_Squared', 'Robots', 'TotalReferences', 'NoOfiFrame', 'NoOfExternalRef', 'NoOfSelfRef']
2026-02-08 22:42:05,092 - preprocessor - INFO - xgboost (tree-based): Using top 10 features (includes DomainAge_Squared)
2026-02-08 22:42:05,093 - preprocessor - INFO -   Features selected: 10 (from 35 total)
2026-02-08 22:42:05,093 - preprocessor - INFO -   Selected features: ['HostingProvider_Encoded', 'HasExternalRefs', 'IsResponsive', 'DomainAgeMonths', 'DomainAge_Squared', 'Robots', 'TotalReferences', 'NoOfiFrame', 'NoOfExternalRef', 'NoOfSelfRef']
2026-02-08 22:42:05,111 - evaluator - INFO - Evaluating xgboost
2026-02-08 22:42:05,115 - evaluator - INFO - xgboost Results:
2026-02-08 22:42:05,115 - evaluator - INFO -   Accuracy:  0.7926
2026-02-08 22:42:05,115 - evaluator - INFO -   Precision: 0.8034
2026-02-08 22:42:05,115 - evaluator - INFO -   Recall:    0.8250
2026-02-08 22:42:05,115 - evaluator - INFO -   F1 Score:  0.8140
2026-02-08 22:42:05,115 - evaluator - INFO -   ROC-AUC:   0.7935
2026-02-08 22:42:05,115 - evaluator - INFO - ================================================================================
2026-02-08 22:42:05,116 - evaluator - INFO - 
================================================================================
2026-02-08 22:42:05,116 - evaluator - INFO - MODEL COMPARISON
2026-02-08 22:42:05,116 - evaluator - INFO - ================================================================================
2026-02-08 22:42:05,117 - evaluator - INFO - 
              Model  Accuracy  Precision   Recall  F1 Score  ROC-AUC
            xgboost  0.792561   0.803376 0.824957  0.814023 0.793457
  gradient_boosting  0.791607   0.803043 0.823224  0.813008 0.795305
      random_forest  0.790653   0.802710 0.821490  0.811991 0.791479
logistic_regression  0.779208   0.789606 0.816291  0.802727 0.795953
2026-02-08 22:42:05,117 - pipeline - INFO - 
================================================================================
2026-02-08 22:42:05,117 - pipeline - INFO - STEP 6: SELECTING BEST MODEL
2026-02-08 22:42:05,117 - pipeline - INFO - ================================================================================
2026-02-08 22:42:05,117 - evaluator - INFO - 
Best model: xgboost (f1=0.8140)
2026-02-08 22:42:05,117 - pipeline - INFO - 
Best Model: xgboost
2026-02-08 22:42:05,117 - pipeline - INFO -   Accuracy:  0.7926
2026-02-08 22:42:05,117 - pipeline - INFO -   Precision: 0.8034
2026-02-08 22:42:05,117 - pipeline - INFO -   Recall:    0.8250
2026-02-08 22:42:05,117 - pipeline - INFO -   F1 Score:  0.8140
2026-02-08 22:42:05,117 - pipeline - INFO -   ROC-AUC:   0.7935
2026-02-08 22:42:05,117 - pipeline - INFO - 
================================================================================
2026-02-08 22:42:05,117 - pipeline - INFO - STEP 7: SAVING MODELS
2026-02-08 22:42:05,117 - pipeline - INFO - ================================================================================
2026-02-08 22:42:05,238 - trainer - INFO - Saved random_forest to /Users/geraldchan/Downloads/aiip8-GERALD_CHAN_WEIHENG_695B/src/outputs/models/random_forest.joblib
2026-02-08 22:42:05,248 - trainer - INFO - Saved gradient_boosting to /Users/geraldchan/Downloads/aiip8-GERALD_CHAN_WEIHENG_695B/src/outputs/models/gradient_boosting.joblib
2026-02-08 22:42:05,249 - trainer - INFO - Saved logistic_regression to /Users/geraldchan/Downloads/aiip8-GERALD_CHAN_WEIHENG_695B/src/outputs/models/logistic_regression.joblib
2026-02-08 22:42:05,255 - trainer - INFO - Saved xgboost to /Users/geraldchan/Downloads/aiip8-GERALD_CHAN_WEIHENG_695B/src/outputs/models/xgboost.joblib
2026-02-08 22:42:05,255 - preprocessor - INFO - Saved preprocessor to /Users/geraldchan/Downloads/aiip8-GERALD_CHAN_WEIHENG_695B/src/outputs/models/preprocessor.joblib
2026-02-08 22:42:05,255 - pipeline - INFO - 
================================================================================
2026-02-08 22:42:05,255 - pipeline - INFO - STEP 8: GENERATING EVALUATION REPORT
2026-02-08 22:42:05,255 - pipeline - INFO - ================================================================================
2026-02-08 22:42:05,255 - evaluator - INFO - Generating comprehensive evaluation report
2026-02-08 22:42:05,256 - evaluator - INFO - 
================================================================================
2026-02-08 22:42:05,256 - evaluator - INFO - MODEL COMPARISON
2026-02-08 22:42:05,256 - evaluator - INFO - ================================================================================
2026-02-08 22:42:05,256 - evaluator - INFO - 
              Model  Accuracy  Precision   Recall  F1 Score  ROC-AUC
            xgboost  0.792561   0.803376 0.824957  0.814023 0.793457
  gradient_boosting  0.791607   0.803043 0.823224  0.813008 0.795305
      random_forest  0.790653   0.802710 0.821490  0.811991 0.791479
logistic_regression  0.779208   0.789606 0.816291  0.802727 0.795953
2026-02-08 22:42:05,262 - evaluator - INFO - Saved model comparison to /Users/geraldchan/Downloads/aiip8-GERALD_CHAN_WEIHENG_695B/src/outputs/results/model_comparison.csv
2026-02-08 22:42:05,262 - evaluator - INFO - Results saved successfully
2026-02-08 22:42:05,543 - evaluator - INFO - Saved confusion matrix to /Users/geraldchan/Downloads/aiip8-GERALD_CHAN_WEIHENG_695B/src/outputs/results/confusion_matrix_random_forest.png
2026-02-08 22:42:05,699 - evaluator - INFO - Saved ROC curve to /Users/geraldchan/Downloads/aiip8-GERALD_CHAN_WEIHENG_695B/src/outputs/results/roc_curve_random_forest.png
2026-02-08 22:42:05,918 - evaluator - INFO - Saved feature importance to /Users/geraldchan/Downloads/aiip8-GERALD_CHAN_WEIHENG_695B/src/outputs/results/feature_importance_random_forest.png
2026-02-08 22:42:05,920 - evaluator - INFO - 
Classification Report - random_forest:
2026-02-08 22:42:05,920 - evaluator - INFO - 
              precision    recall  f1-score   support

    Phishing       0.78      0.75      0.76       943
  Legitimate       0.80      0.82      0.81      1154

    accuracy                           0.79      2097
   macro avg       0.79      0.79      0.79      2097
weighted avg       0.79      0.79      0.79      2097

2026-02-08 22:42:06,061 - evaluator - INFO - Saved confusion matrix to /Users/geraldchan/Downloads/aiip8-GERALD_CHAN_WEIHENG_695B/src/outputs/results/confusion_matrix_gradient_boosting.png
2026-02-08 22:42:06,217 - evaluator - INFO - Saved ROC curve to /Users/geraldchan/Downloads/aiip8-GERALD_CHAN_WEIHENG_695B/src/outputs/results/roc_curve_gradient_boosting.png
2026-02-08 22:42:06,397 - evaluator - INFO - Saved feature importance to /Users/geraldchan/Downloads/aiip8-GERALD_CHAN_WEIHENG_695B/src/outputs/results/feature_importance_gradient_boosting.png
2026-02-08 22:42:06,399 - evaluator - INFO - 
Classification Report - gradient_boosting:
2026-02-08 22:42:06,399 - evaluator - INFO - 
              precision    recall  f1-score   support

    Phishing       0.78      0.75      0.76       943
  Legitimate       0.80      0.82      0.81      1154

    accuracy                           0.79      2097
   macro avg       0.79      0.79      0.79      2097
weighted avg       0.79      0.79      0.79      2097

2026-02-08 22:42:06,551 - evaluator - INFO - Saved confusion matrix to /Users/geraldchan/Downloads/aiip8-GERALD_CHAN_WEIHENG_695B/src/outputs/results/confusion_matrix_logistic_regression.png
2026-02-08 22:42:06,713 - evaluator - INFO - Saved ROC curve to /Users/geraldchan/Downloads/aiip8-GERALD_CHAN_WEIHENG_695B/src/outputs/results/roc_curve_logistic_regression.png
2026-02-08 22:42:06,715 - evaluator - INFO - 
Classification Report - logistic_regression:
2026-02-08 22:42:06,715 - evaluator - INFO - 
              precision    recall  f1-score   support

    Phishing       0.77      0.73      0.75       943
  Legitimate       0.79      0.82      0.80      1154

    accuracy                           0.78      2097
   macro avg       0.78      0.78      0.78      2097
weighted avg       0.78      0.78      0.78      2097

2026-02-08 22:42:06,860 - evaluator - INFO - Saved confusion matrix to /Users/geraldchan/Downloads/aiip8-GERALD_CHAN_WEIHENG_695B/src/outputs/results/confusion_matrix_xgboost.png
2026-02-08 22:42:07,020 - evaluator - INFO - Saved ROC curve to /Users/geraldchan/Downloads/aiip8-GERALD_CHAN_WEIHENG_695B/src/outputs/results/roc_curve_xgboost.png
2026-02-08 22:42:07,198 - evaluator - INFO - Saved feature importance to /Users/geraldchan/Downloads/aiip8-GERALD_CHAN_WEIHENG_695B/src/outputs/results/feature_importance_xgboost.png
2026-02-08 22:42:07,201 - evaluator - INFO - 
Classification Report - xgboost:
2026-02-08 22:42:07,201 - evaluator - INFO - 
              precision    recall  f1-score   support

    Phishing       0.78      0.75      0.77       943
  Legitimate       0.80      0.82      0.81      1154

    accuracy                           0.79      2097
   macro avg       0.79      0.79      0.79      2097
weighted avg       0.79      0.79      0.79      2097

2026-02-08 22:42:07,201 - evaluator - INFO - Evaluation report saved to /Users/geraldchan/Downloads/aiip8-GERALD_CHAN_WEIHENG_695B/src/outputs/results
2026-02-08 22:42:07,202 - pipeline - INFO - Results saved to model_comparison.csv
2026-02-08 22:42:07,202 - pipeline - INFO - 
================================================================================
2026-02-08 22:42:07,202 - pipeline - INFO - PIPELINE COMPLETED SUCCESSFULLY!
2026-02-08 22:42:07,202 - pipeline - INFO - ================================================================================
2026-02-08 22:42:07,202 - pipeline - INFO - Total execution time: 585.73 seconds
2026-02-08 22:42:07,202 - pipeline - INFO - Best model: xgboost
2026-02-08 22:42:07,202 - pipeline - INFO - F1 Score: 0.8140
2026-02-08 22:42:07,202 - pipeline - INFO - Results saved to: /Users/geraldchan/Downloads/aiip8-GERALD_CHAN_WEIHENG_695B/src/outputs/results
2026-02-08 22:42:07,202 - pipeline - INFO - ================================================================================
